-- MySQL dump 10.13  Distrib 5.7.12, for osx10.9 (x86_64)
--
-- Host: 123.206.127.84    Database: wabm
-- ------------------------------------------------------
-- Server version	5.7.16-0ubuntu0.16.04.1

/*!40101 SET @OLD_CHARACTER_SET_CLIENT=@@CHARACTER_SET_CLIENT */;
/*!40101 SET @OLD_CHARACTER_SET_RESULTS=@@CHARACTER_SET_RESULTS */;
/*!40101 SET @OLD_COLLATION_CONNECTION=@@COLLATION_CONNECTION */;
/*!40101 SET NAMES utf8 */;
/*!40103 SET @OLD_TIME_ZONE=@@TIME_ZONE */;
/*!40103 SET TIME_ZONE='+00:00' */;
/*!40014 SET @OLD_UNIQUE_CHECKS=@@UNIQUE_CHECKS, UNIQUE_CHECKS=0 */;
/*!40014 SET @OLD_FOREIGN_KEY_CHECKS=@@FOREIGN_KEY_CHECKS, FOREIGN_KEY_CHECKS=0 */;
/*!40101 SET @OLD_SQL_MODE=@@SQL_MODE, SQL_MODE='NO_AUTO_VALUE_ON_ZERO' */;
/*!40111 SET @OLD_SQL_NOTES=@@SQL_NOTES, SQL_NOTES=0 */;

--
-- Table structure for table `change_record`
--

DROP TABLE IF EXISTS `change_record`;
/*!40101 SET @saved_cs_client     = @@character_set_client */;
/*!40101 SET character_set_client = utf8 */;
CREATE TABLE `change_record` (
  `change_record` int(11) unsigned NOT NULL AUTO_INCREMENT,
  `employee_id` int(11) NOT NULL,
  `money_in_db` decimal(8,2) NOT NULL,
  `money_out_db` decimal(8,2) DEFAULT NULL,
  `money_should_out_db` decimal(8,2) DEFAULT NULL,
  `date` timestamp NOT NULL DEFAULT CURRENT_TIMESTAMP ON UPDATE CURRENT_TIMESTAMP COMMENT '记录被创建的日期',
  PRIMARY KEY (`change_record`),
  KEY `fk_cr_e` (`employee_id`),
  CONSTRAINT `fk_cr_e` FOREIGN KEY (`employee_id`) REFERENCES `employee` (`employee_id`) ON UPDATE CASCADE
) ENGINE=InnoDB AUTO_INCREMENT=2 DEFAULT CHARSET=utf8;
/*!40101 SET character_set_client = @saved_cs_client */;

--
-- Dumping data for table `change_record`
--

LOCK TABLES `change_record` WRITE;
/*!40000 ALTER TABLE `change_record` DISABLE KEYS */;
INSERT INTO `change_record` VALUES (1,2,14.00,17.00,19.00,'2016-12-13 16:00:00');
/*!40000 ALTER TABLE `change_record` ENABLE KEYS */;
UNLOCK TABLES;

--
-- Table structure for table `classification`
--

DROP TABLE IF EXISTS `classification`;
/*!40101 SET @saved_cs_client     = @@character_set_client */;
/*!40101 SET character_set_client = utf8 */;
CREATE TABLE `classification` (
  `classification_id` int(11) NOT NULL AUTO_INCREMENT,
  `name` varchar(45) NOT NULL,
  `profit_db` double NOT NULL DEFAULT '0',
  `tax_rate_db` double NOT NULL DEFAULT '0',
  PRIMARY KEY (`classification_id`)
) ENGINE=InnoDB AUTO_INCREMENT=9 DEFAULT CHARSET=utf8;
/*!40101 SET character_set_client = @saved_cs_client */;

--
-- Dumping data for table `classification`
--

LOCK TABLES `classification` WRITE;
/*!40000 ALTER TABLE `classification` DISABLE KEYS */;
INSERT INTO `classification` VALUES (1,'酒水',0.4,0.2),(2,'饮料',0.2,0.17),(3,'香烟',0.15,0.56),(4,'粮油',0.22,0.17),(5,'副食',0.1,0.17),(6,'冷冻冷藏',0.3,0.17),(7,'洗化用品',0.16,0.17),(8,'生活用品',0.28,0.17);
/*!40000 ALTER TABLE `classification` ENABLE KEYS */;
UNLOCK TABLES;

--
-- Table structure for table `commodity`
--

DROP TABLE IF EXISTS `commodity`;
/*!40101 SET @saved_cs_client     = @@character_set_client */;
/*!40101 SET character_set_client = utf8 */;
CREATE TABLE `commodity` (
  `commodity_id` char(16) NOT NULL,
  `classification_id` int(11) NOT NULL,
  `bar_code` varchar(45) NOT NULL,
  `name` varchar(45) NOT NULL,
  `shelf_life` int(11) DEFAULT NULL,
  `specification` varchar(45) DEFAULT NULL,
  `unit` varchar(45) DEFAULT NULL,
  `price_db` decimal(8,2) DEFAULT NULL,
  `delivery_specification` int(11) NOT NULL DEFAULT '1',
  `storage` int(11) NOT NULL DEFAULT '0',
  `valid` tinyint(1) NOT NULL DEFAULT '1',
  PRIMARY KEY (`commodity_id`,`classification_id`),
  UNIQUE KEY `bar_code_UNIQUE` (`bar_code`),
  UNIQUE KEY `commodity_id_UNIQUE` (`commodity_id`),
  KEY `fk_Commodity_Classification1_idx` (`classification_id`),
  CONSTRAINT `fk_c_c_id` FOREIGN KEY (`classification_id`) REFERENCES `classification` (`classification_id`) ON UPDATE CASCADE
) ENGINE=InnoDB DEFAULT CHARSET=utf8;
/*!40101 SET character_set_client = @saved_cs_client */;

--
-- Dumping data for table `commodity`
--

LOCK TABLES `commodity` WRITE;
/*!40000 ALTER TABLE `commodity` DISABLE KEYS */;
INSERT INTO `commodity` VALUES ('10010001',1,'6902796691001','三年白云边',360,'500mL 42°','瓶',0.00,6,0,1),('10010002',1,'6902796225145','五年白云边',360,'500mL 42°','瓶',0.00,6,0,1),('10010003',1,'6902796227613','九年白云边',360,'500mL 42°','瓶',0.00,6,0,1),('10010004',1,'6902796695214','九年白云边精制9酒',360,'500mL 42°','瓶',0.00,6,0,1),('10010005',1,'6902796693654','十二年白云边',360,'500mL 42°','瓶',0.00,6,0,1),('10010006',1,'6902796693951','十五年白云边',360,'500mL 42°','瓶',0.00,6,0,1),('10010007',1,'6902796692558','半斤九年白云边',NULL,'250mL 42°','瓶',0.00,6,0,1),('10010008',1,'6902952883622','茅台王子酒',NULL,'500mL 53°','瓶',0.00,6,0,1),('10010009',1,'6932599212219','洋河天之蓝',NULL,'480mL 52°','瓶',0.00,6,0,1),('10010010',1,'6932599210086','洋河海之蓝',NULL,'480mL 42°','瓶',0.00,6,0,1),('10010011',1,'6932599210857','洋河大曲蓝瓷',NULL,'480mL 46°','瓶',0.00,6,0,1),('10010012',1,'6905296005613','五星枝江',NULL,'500mL 42°','瓶',0.00,6,0,1),('10010013',1,'6905296001554','四星枝江',NULL,'500mL 42°','瓶',0.00,6,0,1),('10010014',1,'6905296002506','三星枝江',NULL,'500mL 42°','瓶',0.00,6,0,1),('10010015',1,'6905296005279','12年枝江王',NULL,'500mL 42°','瓶',0.00,6,0,1),('10010016',1,'6905296005750','新10年枝江王',NULL,'500mL 42°','瓶',0.00,6,0,1),('10010017',1,'6905296005217','10年铁枝江王',NULL,'500mL 42°','瓶',0.00,6,0,1),('10010018',1,'6905296004913','枝江大曲精制5年',NULL,'500mL 45°','瓶',0.00,6,0,1),('10010019',1,'6930297800257','关公坊精制',NULL,'500mL 42°','瓶',0.00,6,0,1),('10010020',1,'6930297800219','关公坊精品',NULL,'500mL 42°','瓶',0.00,6,0,1),('10010021',1,'6930297802015','关公坊1850',NULL,'500mL 42°','瓶',0.00,6,0,1),('10010022',1,'6935094802565','黄鹤楼15年原浆',NULL,'500mL 42°','瓶',0.00,6,0,1),('10010023',1,'6935094800035','黄鹤楼绵雅型珍品(金牌）',NULL,'500mL 52°','瓶',0.00,6,0,1),('10010024',1,'6935094800028','黄鹤楼绵雅型珍品(铜牌）',NULL,'500mL 42°','瓶',0.00,6,0,1),('10010025',1,'6935094804224','小黄鹤楼135纯粮酒',NULL,'500mL 42°','瓶',0.00,6,0,1),('10010026',1,'6916549202215','稻花香珍品1号',NULL,'500mL 42°','瓶',0.00,6,0,1),('10010027',1,'6916549203021','稻花香珍品2号',NULL,'500mL 42°','瓶',0.00,6,0,1),('10010028',1,'6901434382882','剑南春',NULL,'500mL 52°','瓶',0.00,6,0,1),('10010029',1,'028200168818','水井坊',NULL,'500mL 52°','瓶',0.00,6,0,1),('10010030',1,'6902796225640','白云边十五年陈酿',NULL,'500mL 45°','瓶',0.00,6,0,1),('10010031',1,'6902796696198','十二年白云边(半斤）',NULL,'250mL 42°','瓶',0.00,6,0,1),('10010032',1,'6905296005255','15年枝江王',NULL,'500mL 42°','瓶',0.00,6,0,1),('10010033',1,'6930297801735','关公坊（珍品）',NULL,'500mL 42°','瓶',0.00,6,0,1),('10010034',1,'6935094802381','黄鹤楼15年原浆',NULL,'500mL52°','瓶',0.00,6,0,1),('10010035',1,'6935094803081','黄鹤楼八年原浆',NULL,'500mL 42°','瓶',0.00,6,0,1),('10010036',1,'6927556903040','衡水老白干（67度）',NULL,'480mL 67°','瓶',0.00,6,0,1),('10010037',1,'6917276969389','衡水老白干（八年陈酿）',NULL,'500mL 52°','瓶',0.00,6,0,1),('10010038',1,'6905296004630','枝江大曲珍品5年',NULL,'500mL 42°','瓶',0.00,6,0,1),('10010039',1,'6916549201539','稻花香珍品3号',NULL,'500mL 42°','瓶',0.00,6,0,1),('10010040',1,'6902796690080','半斤五年白云边',NULL,'250mL 42°','瓶',0.00,6,0,1),('10010041',1,'6905296290705','枝江大曲(金枝江）',NULL,'500mL 42°','瓶',0.00,6,0,1),('10010042',1,'6901025100192','王朝干红（2002）',NULL,'750ml','瓶',0.00,8,0,1),('10010043',1,'6901025100536','王朝干红（特制）',NULL,'750ml','瓶',0.00,8,0,1),('10010044',1,'6901025400148','王朝干红（喜庆干红）',NULL,'750ml','瓶',0.00,8,0,1),('10010045',1,'6901025400421','王朝干红（爽口干红）',NULL,'750ml','瓶',0.00,8,0,1),('10010046',1,'6901584061231','张裕解百纳（特选级）',NULL,'750ml','瓶',0.00,8,0,1),('10010047',1,'6901584064225','张裕解百纳（优选级）',NULL,'750ml','瓶',0.00,8,0,1),('10010048',1,'6901584193116','张裕百年（优选级品丽株）',NULL,'750ml','瓶',0.00,8,0,1),('10010049',1,'6901584193130','张裕赤霞珠（特选级）',NULL,'750ml','瓶',0.00,8,0,1),('10010050',1,'6901584063044','张裕窖藏干红（特选级）',NULL,'750ml','瓶',0.00,8,0,1),('20020001',2,'6920584471017','旺仔牛奶（听装）',180,'245ml','听',0.00,12,0,1),('20020002',2,'6901347990877','椰树礼盒10*245ml',180,'10*245ml','提',0.00,10,0,1),('20020003',2,'6901347996749','椰树礼盒15*245ml',180,'15*245ml','提',0.00,15,0,1),('20020004',2,'6920584471222','旺仔牛奶145ml*20',180,'145ml*20','提',0.00,20,0,1),('20020005',2,'6901347880390','正宗椰树椰汁1L',180,'','盒',0.00,10,0,1),('20020006',2,'6923644266318','蒙牛特伦苏纯牛奶',180,'1*12','提',0.00,6,0,1),('20020007',2,'6907992509181','伊利舒化奶低乳糖低脂',180,'1*12','提',0.00,6,0,1),('20020008',2,'6925861571299','旺仔牛奶复原乳家庭号',180,'1*20','提',0.00,6,0,1),('20020009',2,'6923644269586','蒙牛特仑苏低脂奶',180,'250ml*12','提',0.00,6,0,1),('20020010',2,'6923644268916','蒙牛真果粒草莓味',180,'250ml*12','提',0.00,6,0,1),('20020011',2,'6923644268909','蒙牛真果粒黄桃味',180,'250ml*12','提',0.00,6,0,1),('20020012',2,'6923644268923','蒙牛真果粒椰果',180,'250ml*12','提',0.00,6,0,1),('20020013',2,'6923644268930','蒙牛真果粒芦荟味',180,'250ml*12','提',0.00,6,0,1),('20020014',2,'6923644210151','蒙牛纯牛奶',180,'250ml*24','提',0.00,10,0,1),('20020015',2,'6923644264659','蒙牛酸酸乳AD钙',180,'250ml*24','提',0.00,10,0,1),('20020016',2,'6923644242978','蒙牛酸酸乳草莓味',180,'250ml*24','提',0.00,10,0,1),('20020017',2,'6923644264192','蒙牛早餐奶核桃牛奶',180,'250ml*24','提',0.00,10,0,1),('20020018',2,'6923644242961','蒙牛酸酸乳原味',180,'250ml*24','提',0.00,10,0,1),('20020019',2,'6923644242985','蒙牛酸酸乳蓝莓味',180,'250ml*24','提',0.00,10,0,1),('20020020',2,'6923644272173','蒙牛早餐奶红枣牛奶',180,'250ml*24','提',0.00,10,0,1),('20020021',2,'6923644273873','蒙牛未来星',180,'190ml*15','提',0.00,10,0,1),('20020022',2,'6907992510354','伊利QQ星健骨型',180,'190ml*15','提',0.00,5,0,1),('20020023',2,'6902083891015','爽歪歪1*24',180,'200g*24','提',0.00,5,0,1),('20020024',2,'6920584471055','旺仔牛奶复原乳',180,'245ml*12','提',0.00,10,0,1),('20020025',2,'06902083881122','娃哈哈AD钙奶',180,'220ml*24','提',0.00,5,0,1),('20020026',2,'6923644242923','蒙牛酸酸乳芦荟味',180,'250ml','瓶',0.00,12,0,1),('20020027',2,'6923644264895','蒙牛酸酸乳AD钙',180,'250ml','瓶',0.00,12,0,1),('20020028',2,'6923644242947','蒙牛酸酸乳蓝莓味',180,'250ml','瓶',0.00,12,0,1),('20020029',2,'6923644242930','蒙牛酸酸乳草莓味',180,'250ml','瓶',0.00,12,0,1),('20020030',2,'6926892522052','银鹭花生牛奶复合蛋白饮料',180,'250ml','瓶',0.00,12,0,1),('20020031',2,'6923644240318','蒙牛低脂高钙牛奶',180,'250ml','瓶',0.00,12,0,1),('20020032',2,'6923644223458','蒙牛纯牛奶',180,'250ml','瓶',0.00,12,0,1),('20020033',2,'6923644272159','蒙牛早餐奶红枣牛奶',180,'250ml','瓶',0.00,12,0,1),('20020034',2,'6923644264116','蒙牛早餐奶核桃牛奶',180,'250ml','瓶',0.00,12,0,1),('20020035',2,'6923644268480','蒙牛真果粒',180,'250ml','瓶',0.00,12,0,1),('20020036',2,'6907992507088','伊利营养舒化奶',180,'250ml','瓶',0.00,12,0,1),('20020037',2,'6923644269470','蒙牛未来星',180,'190ml','瓶',0.00,12,0,1),('20020038',2,'6902083890636','爽歪歪',180,'200g*4','条',0.00,12,0,1),('20020039',2,'6907992510453','伊利QQ星',180,'190ml','瓶',0.00,12,0,1),('20020040',2,'6902083881085','娃哈哈AD钙奶',180,'220ml','瓶',0.00,12,0,1),('20020041',2,'6923644266066','特仑苏纯牛奶',180,'250ml','瓶',0.00,12,0,1),('20020042',2,'6923644270773','蒙牛未来星智慧型',180,'190ml*15','提',0.00,15,0,1),('20020043',2,'6923644270766','蒙牛未来星健骨型',180,'190ml*15','提',0.00,15,0,1),('20020044',2,'6923644265977','蒙牛未来星智慧型',180,'190ml','瓶',0.00,15,0,1),('20020045',2,'6923644268497','蒙牛真果粒芦荟味',180,'250ml','瓶',0.00,5,0,1),('20020046',2,'6907992507385','伊利金典纯奶',180,'250ml*12','箱',0.00,5,0,1),('20020047',2,'6907992502052','伊利纯奶',180,'250ml*24','箱',0.00,5,0,1),('20020048',2,'6923644240417','蒙牛高钙低脂奶',180,'250ml*24','箱',0.00,5,0,1),('20020049',2,'6923644266400','未来星儿童成长牛奶',180,'190ml*4','条',0.00,10,0,1),('20020050',2,'6923644265953','未来星儿童成长牛奶',180,'190ml','盒',0.00,12,0,1),('20020051',2,'6923644266394','未来星儿童成长牛奶健骨型',180,'190ml','条',0.00,10,0,1),('30030001',3,'6901028180573','黄鹤楼(软蓝)',NULL,'1*20','包',0.00,10,0,1),('30030002',3,'6901028184120','黄鹤楼（圆梦红)',NULL,'1*20','包',0.00,10,0,1),('30030003',3,'6901028180559','黄鹤楼（硬金沙)',NULL,'1*20','包',0.00,10,0,1),('30030004',3,'6901028185905','黄鹤楼（硬红）',NULL,'1*20','包',0.00,10,0,1),('30030005',3,'6901028179331','黄鹤楼（软红）',NULL,'1*20','包',0.00,10,0,1),('30030006',3,'6901028179317','黄鹤楼（硬珍品）',NULL,'1*20','包',0.00,10,0,1),('30030007',3,'6901028180016','黄鹤楼（软珍品）',NULL,'1*20','包',0.00,10,0,1),('30030008',3,'6901028185424','黄鹤楼（硬论道）',NULL,'1*20','包',0.00,10,0,1),('30030009',3,'6901028185394','黄鹤楼（软短论道）',NULL,'1*20','包',0.00,10,0,1),('30030010',3,'6901028219235','红金龙（晓楼金）',NULL,'1*20','包',0.00,10,0,1),('30030011',3,'6901028182911','红金龙（硬晓楼)',NULL,'1*20','包',0.00,10,0,1),('30030012',3,'6901028182737','红金龙（软晓楼）',NULL,'1*20','包',0.00,10,0,1),('30030013',3,'6901028180177','红金龙（深蓝）',NULL,'1*20','包',0.00,10,0,1),('30030014',3,'6901028182508','红金龙（RGD雪茄）',NULL,'1*20','包',0.00,10,0,1),('30030015',3,'6901028940702','红金龙（红火之舞）',NULL,'1*20','包',0.00,10,0,1),('30030016',3,'6901028179287','红金龙（软精品）',NULL,'1*20','包',0.00,10,0,1),('30030017',3,'6901028180610','红金龙（白龙）',NULL,'1*20','包',0.00,10,0,1),('30030018',3,'6901028180023','红金龙（硬金龙）',NULL,'1*20','包',0.00,10,0,1),('30030019',3,'6901028180351','红金龙（硬特龙）',NULL,'1*20','包',0.00,10,0,1),('30030020',3,'6901028195669','万宝路（硬白）',NULL,'1*20','包',0.00,10,0,1),('30030021',3,'6901028195638','万宝路（硬红）',NULL,'1*20','包',0.00,10,0,1),('30030022',3,'6901028316989','玉溪（硬1973）',NULL,'1*20','包',0.00,10,0,1),('30030023',3,'6901028317122','玉溪（软珍品）',NULL,'1*20','包',0.00,10,0,1),('30030024',3,'6901028045902','云烟（软珍品）',NULL,'1*20','包',0.00,10,0,1),('30030025',3,'6901028310857','云烟（硬印象）',NULL,'1*20','包',0.00,10,0,1),('30030026',3,'6901028118170','利群（新版）',NULL,'1*20','包',0.00,10,0,1),('30030027',3,'6901028120692','利群（软长嘴）',NULL,'1*20','包',0.00,10,0,1),('30030028',3,'6901028075763','中华（硬）',NULL,'1*20','包',0.00,10,0,1),('30030029',3,'6901028075770','中华（软）',NULL,'1*20','包',0.00,10,0,1),('30030030',3,'6901028114448','苏烟（软金沙）',NULL,'1*20','包',0.00,10,0,1),('30030031',3,'6901028163668','黄金叶（软大圆）',NULL,'1*20','包',0.00,10,0,1),('30030032',3,'6901028169677','黄金叶（硬）',NULL,'1*20','包',0.00,10,0,1),('30030033',3,'6901028026185','天子（软黄）',NULL,'1*20','包',0.00,10,0,1),('30030034',3,'6901028314442','玉溪（硬和谐）',NULL,'1*20','包',0.00,10,0,1),('30030035',3,'6901028024624','骄子（天之骄子）',NULL,'1*20','包',0.00,10,0,1),('30030036',3,'6901028034043','长城（雪茄）',NULL,'1*20','包',0.00,10,0,1),('30030037',3,'6901028055086','红河（软88）',NULL,'1*20','包',0.00,10,0,1),('30030038',3,'6901028055024','红河（软甲）',NULL,'1*20','包',0.00,10,0,1),('30030039',3,'6901028055048','红河（硬甲）',NULL,'1*20','包',0.00,10,0,1),('30030040',3,'6901028001618','双喜（硬1906）',NULL,'1*20','包',0.00,10,0,1),('30030041',3,'6901028000826','双喜（软经典）',NULL,'1*20','包',0.00,10,0,1),('30030042',3,'6901028075800','双喜（硬上海红双喜）',NULL,'1*20','包',0.00,10,0,1),('30030043',3,'6901028001465','双喜（软国际双喜）',NULL,'1*20','包',0.00,10,0,1),('30030044',3,'6901028071468','中南海（5MG)',NULL,'1*20','包',0.00,10,0,1),('30030045',3,'6901028071765','中南海（8MG)',NULL,'1*20','包',0.00,10,0,1),('30030046',3,'6901028072786','中南海（蓝色风尚)',NULL,'1*20','包',0.00,10,0,1),('30030047',3,'6901028196499','白沙（硬纯香沙）',NULL,'1*20','包',0.00,10,0,1),('30030048',3,'6901028315999','红塔山（软经典100）',NULL,'1*20','包',0.00,10,0,1),('30030049',3,'6901028315425','红塔山（硬经典100）',NULL,'1*20','包',0.00,10,0,1),('30030050',3,'6901028316354','红塔山（硬国际100）',NULL,'1*20','包',0.00,10,0,1),('40040001',4,'6911006000021','国宝桥米5kg',240,'5kg','袋',0.00,20,0,1),('40040002',4,'6922825200233','KOKO米5kg',240,'5kg','袋',0.00,20,0,1),('40040003',4,'6911006000564','国宝软香米10kg',240,'10kg','袋',0.00,20,0,1),('40040004',4,'6911006000052','国宝桥米10kg',240,'10kg','袋',0.00,20,0,1),('40040005',4,'6909462205029','金象牌泰国香米5kg',240,'5kg','袋',0.00,20,0,1),('40040006',4,'6941920800100','兴盛福水晶米',240,'5kg','袋',0.00,20,0,1),('40040007',4,'6927690320208','北大荒长粒米',240,'5kg','袋',0.00,20,0,1),('40040008',4,'6927690320079','北大荒精洁米',240,'5kg','袋',0.00,20,0,1),('40040009',4,'6927690320376','北大荒北国香米',240,'5kg','袋',0.00,20,0,1),('40040010',4,'6941916308818','乐得福御贡香米5kg',240,'5kg','袋',0.00,20,0,1),('40040011',4,'6949051300988','泰国风味长粒香米5kg',240,'5kg','袋',0.00,20,0,1),('40040012',4,'6935884200113','京华牌京山桥米',240,'5kg','袋',0.00,20,0,1),('40040013',4,'6939392200030','京山桥米王',240,'10KG','袋',0.00,20,0,1),('40040014',4,'70020001','桥米王26',240,'5KG','袋',0.00,20,0,1),('40040015',4,'6955253600016','槐荫长粒香米',240,'2.5kg','袋',0.00,20,0,1),('40040016',4,'6931952400294','京山朝廷桥米',240,'5kg','袋',0.00,20,0,1),('40040017',4,'6952933001217','北大荒黑土香米',240,'5kg','袋',0.00,20,0,1),('40040018',4,'6947454100211','米美家京山香米',240,'5kg','袋',0.00,20,0,1),('40040019',4,'6933798516986','瑶妹子农家辣油腐乳280g',300,'280g','瓶',0.00,15,0,1),('40040020',4,'6933414100513','双塔绿豆宽粉180g',90,'180g','袋',0.00,15,0,1),('40040021',4,'6912669291788','玉蕾橄榄菜168g',90,'168g','瓶',0.00,15,0,1),('40040022',4,'6902882654668','北固山镇江（姜汁）香醋',360,'500ml','瓶',0.00,24,0,1),('40040023',4,'6902007010775','恒顺香醋',360,'500ml','瓶',0.00,24,0,1),('40040024',4,'6920564188683','水塔山西正宗醋',360,'500ml','瓶',0.00,24,0,1),('40040025',4,'6922699386637','庆丰上海白醋',360,'500ml','瓶',0.00,24,0,1),('40040026',4,'6902265610014','海天白米醋',360,'500ml','瓶',0.00,24,0,1),('40040027',4,'6920564190013','水塔陈醋',360,'420ml','瓶',0.00,24,0,1),('40040028',4,'6902265210504','海天草菇老醋',360,'500ml','瓶',0.00,24,0,1),('40040029',4,'6902265107057','海天高级红烧酱油',360,'500ml','瓶',0.00,24,0,1),('40040030',4,'6902265240501','海天老抽王',360,'500ml','瓶',0.00,24,0,1),('40040031',4,'6902265130505','海天银标生抽',360,'500ml','瓶',0.00,24,0,1),('40040032',4,'6902265120506','海天金标生抽',360,'500ml','瓶',0.00,24,0,1),('40040033',4,'6902265114321','海天特级金标生抽',360,'500ml','瓶',0.00,24,0,1),('40040034',4,'6902265114345','海天特级一品鲜酱油',360,'500ml','瓶',0.00,24,0,1),('40040035',4,'6902265280507','海天老抽鼓油',360,'500ml','瓶',0.00,24,0,1),('40040036',4,'6924497977345','福达坊小磨麻油',360,'500ml','瓶',0.00,24,0,1),('40040037',4,'6902265360018','海天上等耗油',360,'700g','瓶',0.00,24,0,1),('40040038',4,'6902265111719','海天蒸鱼鼓油',360,'450ml','瓶',0.00,24,0,1),('40040039',4,'6902265114369','海天特级草菇老抽',360,'500ml','瓶',0.00,24,0,1),('40040040',4,'6916432888885','长康香芝麻油180克',360,'180ml','瓶',0.00,12,0,1),('40040041',4,'6901844700016','味好美番茄沙司',360,'340g','瓶',0.00,12,0,1),('40040042',4,'6924497902699','福达坊花椒油',360,'180ml','瓶',0.00,12,0,1),('40040043',4,'6922824055063','李锦记锦珍生抽',360,'500ml','瓶',0.00,24,0,1),('40040044',4,'4893888000059','李锦记草菇老抽',360,'500ml','瓶',0.00,24,0,1),('40040045',4,'6902265114567','海天老抽鼓油',360,'800ml','瓶',0.00,24,0,1),('40040046',4,'6902944901693','沈永和花雕酒',360,'550ml','瓶',0.00,24,0,1),('40040047',4,'6907592001092','王致和特制料酒',360,'500ml','瓶',0.00,24,0,1),('40040048',4,'6902882012024','北固山新一代镇江香醋',360,'500ml','瓶',0.00,24,0,1),('40040049',4,'6907592001245','王致和料酒',360,'500ml','瓶',0.00,24,0,1),('40040050',4,'6922141500178','富运香八宝',180,'238g','瓶',0.00,12,0,1),('40040051',4,'6930832000159','坛坛香脆鲜剁青椒',180,'210g','瓶',0.00,20,0,1),('50050001',5,'6930305500049','冠生园蜂蜜',180,'500g','瓶',0.00,12,0,1),('50050002',5,'6902083880781','娃哈哈桂圆莲子八宝粥',720,'360g','听',0.00,12,0,1),('50050003',5,'6926892566087','银鹭好粥道黑米粥',720,'280g','听',0.00,12,0,1),('50050004',5,'6926892567084','银鹭好粥道薏仁红豆粥',720,'280g','听',0.00,12,0,1),('50050005',5,'6926892566186','银鹭好粥道黑米粥',720,'280g*12罐','箱',0.00,5,0,1),('50050006',5,'6926892568180','银鹭好粥道椰奶燕麦粥',720,'280g*12罐','箱',0.00,5,0,1),('50050007',5,'6926892521482','银鹭桂圆莲子八宝粥',720,'360g*12罐','箱',0.00,5,0,1),('50050008',5,'6917878007441','雀巢原味咖啡',720,'169g','盒',0.00,30,0,1),('50050009',5,'6926892521086','银鹭桂圆莲子八煲粥',720,'360g*12','瓶',0.00,12,0,1),('50050010',5,'6926892568081','银鹭好粥道椰奶燕麦粥',720,'360g*12','瓶',0.00,12,0,1),('50050011',5,'6924594400050','奥灵奇糖水黄桃罐头',90,'450g','瓶',0.00,15,0,1),('50050012',5,'6924594400029','奥灵奇什锦水果罐头',90,'450g','瓶',0.00,15,0,1),('50050013',5,'6924594400210','奥灵奇糖水雪梨罐头',90,'450g','瓶',0.00,15,0,1),('50050014',5,'6944499066632','孝感佬米酒',90,'400g','碗',0.00,15,0,1),('50050015',5,'6934235600206','新家园烤模锅巴75g',90,'75g','袋',0.00,25,0,1),('50050016',5,'6936646800183','乡巴佬香酥大爪',90,'35g','袋',0.00,25,0,1),('50050017',5,'6936646800466','山椒凤爪',90,'35g','袋',0.00,25,0,1),('50050018',5,'6922145801011','有友泡凤爪',90,'80g','袋',0.00,25,0,1),('50050019',5,'6944240711156','老农夫辣子鸡',90,'20g','袋',0.00,25,0,1),('50050020',5,'6925414024401','君游乐香辣鸡米',90,'12g','袋',0.00,25,0,1),('50050021',5,'6926475201367','喜之郎CICI果冻葡萄味',90,'150g','袋',0.00,24,0,1),('50050022',5,'6942886301137','回头客欧式蛋糕',90,'84g','袋',0.00,18,0,1),('50050023',5,'6946948818700','金鹏黄石港饼',90,'300g','袋',0.00,18,0,1),('50050024',5,'6942910300488','百世兴酒鬼花生40g',90,'40g','袋',0.00,26,0,1),('50050025',5,'6924743914568','乐事烤肉味',90,'110g','筒',0.00,26,0,1),('50050026',5,'6921211100126','曼妥思特强薄荷',90,'37g','条',0.00,40,0,1),('50050027',5,'6909327010027','绿野香蒜香味',90,'160g','袋',0.00,40,0,1),('50050028',5,'6925598720045','广源香葱咸薄脆',90,'150g','袋',0.00,30,0,1),('50050029',5,'6920907808612','好丽友呀土豆',90,'70g','袋',0.00,30,0,1),('50050030',5,'6921299762018','旺仔QQ糖',90,'25g','袋',0.00,50,0,1),('50050031',5,'6928340401278','乡巴佬香辣鸭翅',90,'40g','袋',0.00,60,0,1),('50050032',5,'6923250609301','思朗100黑芝麻薄饼干',90,'90g','袋',0.00,60,0,1),('50050033',5,'6920734707225','康师傅酸辣牛肉面114g',90,'114g','袋',0.00,48,0,1),('50050034',5,'6917878132525','雀巢脆脆沙巧克力味威化24条',90,'20g*23','盒',0.00,20,0,1),('50050035',5,'6920658218098','旺旺桔子菠萝果肉果冻200g',90,'200g','个',0.00,20,0,1),('50050036',5,'6913189536694','同享九制梅肉75g',90,'75g','袋',0.00,20,0,1),('50050037',5,'69026409','益达木糖醇无糖口香糖',90,'28g','盒',0.00,20,0,1),('50050038',5,'6924254671301','欢乐家桔子罐头',90,'480g','瓶',0.00,20,0,1),('50050039',5,'6924254671035','欢乐家龙眼罐头',90,'480g','瓶',0.00,20,0,1),('50050040',5,'6923973001215','绿源笋段',90,'120g','袋',0.00,20,0,1),('50050041',5,'6930497000013','100g随便香辣鸡腿',90,'100g','袋',0.00,20,0,1),('50050042',5,'6925303774219','小浣熊香辣蟹味',90,'45g','袋',0.00,20,0,1),('50050043',5,'6901668054050','奥利奥牛奶原味',90,'130g','袋',0.00,20,0,1),('50050044',5,'6921682823609','福马8枚爱尚非蛋糕草莓味',90,'160g*8','盒',0.00,20,0,1),('50050045',5,'6944933812368','翔仔黑鸡翅65g',90,'65g','对',0.00,20,0,1),('50050046',5,'6925431401759','婆婆嘴双椒豆干100g',90,'100g','袋',0.00,20,0,1),('50050047',5,'6925431400981','婆婆嘴泡椒豆干100g',90,'100g','袋',0.00,20,0,1),('50050048',5,'6938956700238','盐帮菜泡椒藕片',90,'200g','袋',0.00,20,0,1),('50050049',5,'6924160712624','无穷盐焗小翅50g',90,'50g','袋',0.00,20,0,1),('50050050',5,'6952154888888','俊媳妇香辣鸭脖20g',90,'20g','袋',0.00,20,0,1),('50050051',5,'6950319100189','振兴泡椒凤爪',90,'28g','袋',0.00,20,0,1),('60060001',6,'4712206980326','国农活益菌250g',15,'250g','瓶',0.00,20,0,1),('60060002',6,'6924254688439','欢乐家乳酸菌饮品',60,'108ml*4','条',0.00,20,0,1),('60060003',6,'6923800534701','光明畅优果粒发酵乳',60,'210g','瓶',0.00,20,0,1),('60060004',6,'6923800534107','光明大颗果粒草莓发酵乳',60,'350g','瓶',0.00,20,0,1),('60060005',6,'6923800534091','光明大颗果粒黄桃发酵乳',60,'350g','瓶',0.00,20,0,1),('60060006',6,'6923800534114','光明芦荟颗粒发酵乳',60,'350g','瓶',0.00,20,0,1),('60060007',6,'6923800570075','光明原味e+益生菌发酵乳',60,'460g','瓶',0.00,20,0,1),('60060008',6,'6923800570051','光明原味e+益生菌发酵乳',60,'180g','瓶',0.00,20,0,1),('60060009',6,'6923800534268','光明畅优B+畅通益生菌发酵乳',60,'180g','杯',0.00,20,0,1),('60060010',6,'6901209201769','光明畅优B+畅通益生菌发酵乳',60,'190g','瓶',0.00,20,0,1),('60060011',6,'6923800535401','光明儿童健能发酵乳',60,'180g','瓶',0.00,20,0,1),('60060012',6,'6923061004296','汉口老酸奶',60,'180g','瓶',0.00,20,0,1),('60060013',6,'6923061003404','友之友金爵鲜酪乳（草莓果粒）',60,'230g','瓶',0.00,20,0,1),('60060014',6,'6923061003374','友之友金爵鲜酪乳（芦荟颗粒）',60,'230g','瓶',0.00,20,0,1),('60060015',6,'6923061003565','友之友金爵鲜酪乳（葡萄果粒）',60,'230g','瓶',0.00,20,0,1),('60060016',6,'6923061003381','友之友金爵鲜酪乳（黄桃果粒）',60,'230g','瓶',0.00,20,0,1),('60060017',6,'6923061003572','友之友金爵鲜酪乳（桑葚果粒）',60,'230g','瓶',0.00,20,0,1),('60060018',6,'6923061000106','友之友中屋顶',60,'460g','瓶',0.00,20,0,1),('60060019',6,'6923800535371','光明中条酸',60,'125g*5','条',0.00,20,0,1),('60060020',6,'6923800540030','光明小条酸',60,'100g*5','条',0.00,20,0,1),('60060021',6,'6923800535326','光明中杯酸奶',60,'125g','杯',0.00,20,0,1),('60060022',6,'6923800540085','光明小杯酸奶',50,'100g','杯',0.00,20,0,1),('60060023',6,'6934665087615','蒙牛优益C（芦荟）',15,'340ml','瓶',0.00,20,0,1),('60060024',6,'6934665087653','蒙牛优益C（原味）',15,'340ml','瓶',0.00,20,0,1),('60060025',6,'6923644281632','畅',15,'330ml','瓶',0.00,20,0,1),('60060026',6,'6923800535722','光明红枣酸奶',60,'1*5杯','条',0.00,20,0,1),('60060027',6,'6923800535531','光明键能原味',60,'180g','杯',0.00,20,0,1),('60060028',6,'6923800535456','光明畅饮',60,'340ml','瓶',0.00,20,0,1),('60060029',6,'6923800534053','光明醇香风味牛奶',60,'1.25kg','壶',0.00,20,0,1),('60060030',6,'6723061005596','友芝友金爵蓝莓果粒',60,'210g','杯',0.00,20,0,1),('60060031',6,'6923800570259','光明原味发酵乳',60,'950g','桶',0.00,20,0,1),('60060032',6,'6907992103211','伊利畅轻燕麦+黄桃',60,'250ml','瓶',0.00,20,0,1),('60060033',6,'6907992102764','伊利畅轻燕麦+草莓',60,'250ml','瓶',0.00,20,0,1),('60060034',6,'6923800535715','光明发酵乳红枣味',60,'160g','杯',0.00,20,0,1),('60060035',6,'6907992103051','伊利益消',60,'450g','瓶',0.00,20,0,1),('60060036',6,'6932002010302','老冰棒',NULL,'70g','个',0.00,20,0,1),('60060037',6,'6923644275174','蒙牛小布丁',NULL,'45g','个',0.00,20,0,1),('60060038',6,'6923644275204','蒙牛冰+蓝莓',NULL,'78g','个',0.00,20,0,1),('60060039',6,'6907992812410','兵工厂（蜜桃）',NULL,'75g','个',0.00,20,0,1),('60060040',6,'6907992817422','兵工厂（山渣）',NULL,'75g','个',0.00,20,0,1),('60060041',6,'6923644266257','蒙牛绿色心情',NULL,'71g','个',0.00,20,0,1),('60060042',6,'6923469336081','美怡乐香蕉达人',NULL,'55g','个',0.00,20,0,1),('60060043',6,'6923644261993','蒙牛香芋脆皮',NULL,'75g','个',0.00,20,0,1),('60060044',6,'6907992819396','伊利巧乐兹四个圈巧克力味',NULL,'75g','个',0.00,20,0,1),('60060045',6,'6907992819280','伊利巧乐兹恋果',NULL,'80g','个',0.00,20,0,1),('60060046',6,'6909493200062','和路雪梦龙',NULL,'65g','个',0.00,20,0,1),('60060047',6,'6923644275150','随便蛋筒',NULL,'72g','个',0.00,20,0,1),('60060048',6,'6907992814711','伊利大布丁',NULL,'80g','个',0.00,20,0,1),('60060049',6,'6907992820316','兵工厂炫果',NULL,'80g','个',0.00,20,0,1),('60060050',6,'6909493632740','和路雪香草奶昔',NULL,'102g','个',0.00,20,0,1),('60060051',6,'6909493632757','和路雪巧克力奶昔',NULL,'102g','个',0.00,20,0,1),('70070001',7,'6902088113150','清扬男士清爽控油型去屑洗发露',1080,'400ml','瓶',0.00,30,0,1),('70070002',7,'6902088113129','清扬男士活力运动薄荷型去屑洗发露',1080,'400ml','瓶',0.00,30,0,1),('70070003',7,'6902088113051','清扬冰爽薄荷型去屑洗发露',1080,'400ml','瓶',0.00,30,0,1),('70070004',7,'6902088112993','清扬控油平衡型去屑洗发露',1080,'400ml','瓶',0.00,30,0,1),('70070005',7,'6902088112887','清扬女士多效水润养护型去屑洗发露',1080,'400ml','瓶',0.00,30,0,1),('70070006',7,'6902088113112','清扬男士活力运动薄荷型去屑洗发露',1080,'200ml','瓶',0.00,30,0,1),('70070007',7,'6902088113143','清扬男士止痒舒缓型去屑洗发露',1080,'200ml','瓶',0.00,30,0,1),('70070008',7,'6902088113211','清扬男士深度洁净型去屑洗发露',1080,'200ml','瓶',0.00,30,0,1),('70070009',7,'6902088113020','清扬女士韧发飘长型去屑洗发露',1080,'200ml','瓶',0.00,30,0,1),('70070010',7,'6902088112870','清扬女士深度滋养型去屑洗发露',1080,'200ml','瓶',0.00,30,0,1),('70070011',7,'6902088112955','清扬多效水润养护型去屑洗发露',1080,'200ml','瓶',0.00,30,0,1),('70070012',7,'6902088107197','力士汉方飘长真魅柔亮洗发乳',1080,'400ml','瓶',0.00,30,0,1),('70070013',7,'6902088103229','力士新活炫亮柔亮洗发乳',1080,'400ml','瓶',0.00,30,0,1),('70070014',7,'6902088103267','力士水润丝滑柔亮洗发乳',1080,'200ml','瓶',0.00,30,0,1),('70070015',7,'6902088103212','力士新活炫亮柔亮洗发乳',1080,'200ml','瓶',0.00,30,0,1),('70070016',7,'6902088111651','力士魅卷绚彩修复精华素',1080,'200ml','瓶',0.00,30,0,1),('70070017',7,'6902088108163','力士新活炫亮柔亮润发精华素',1080,'200ml','瓶',0.00,30,0,1),('70070018',7,'6903148030363','飘柔长效清爽去屑洗发露',1080,'400ml','瓶',0.00,30,0,1),('70070019',7,'6903148030455','飘柔长效洁顺水润去屑洗发露',1080,'400ml','瓶',0.00,30,0,1),('70070020',7,'6903148044940','飘柔长效柔顺水润去屑洗发露',1080,'400ml','瓶',0.00,30,0,1),('70070021',7,'6903148030479','飘柔长效清爽去油洗发露',1080,'400ml','瓶',0.00,30,0,1),('70070022',7,'6903148048986','飘柔滋润去屑洗发露',1080,'400ml','瓶',0.00,30,0,1),('70070023',7,'6903148048887','飘柔烫染修护发洗发露',1080,'400ml','瓶',0.00,30,0,1),('70070024',7,'6903148048979','飘柔滋润去屑洗发露',1080,'200ml','瓶',0.00,30,0,1),('70070025',7,'6903148048788','飘柔焗油护理洗发露',1080,'200ml','瓶',0.00,30,0,1),('70070026',7,'6903148048818','飘柔人参滋养洗发露',1080,'200ml','瓶',0.00,30,0,1),('70070027',7,'6903148093757','潘婷弹性卷发洗发露',1080,'400ml','瓶',0.00,30,0,1),('70070028',7,'6903148044933','飘柔长效柔顺去屑洗发露',1080,'200ml','瓶',0.00,30,0,1),('70070029',7,'6903148030448','飘柔长效洁顺去屑洗发露',1080,'200ml','瓶',0.00,30,0,1),('70070030',7,'6903148030356','飘柔长效清爽去屑洗发露',1080,'200ml','瓶',0.00,30,0,1),('70070031',7,'6903148093702','潘婷乳液修复去屑洗发露',1080,'400ml','瓶',0.00,30,0,1),('70070032',7,'6903148093795','潘婷乌黑盈亮润发精华素',1080,'200ml','瓶',0.00,30,0,1),('70070033',7,'6903148091371','潘婷丝质顺滑润发精华素',1080,'200ml','瓶',0.00,30,0,1),('70070034',7,'6903148091555','潘婷乳液修复润发精华素',1080,'200ml','瓶',0.00,30,0,1),('70070035',7,'6903148093474','潘婷盈彩修护润发精华素',1080,'200ml','瓶',0.00,30,0,1),('70070036',7,'6903148093719','潘婷乳液修复去屑洗发露',1080,'200ml','瓶',0.00,30,0,1),('70070037',7,'6903148093597','潘婷垂顺直发去屑洗发露',1080,'200ml','瓶',0.00,30,0,1),('70070038',7,'6903148091432','潘婷乳液修复洗发露',1080,'400ml','瓶',0.00,30,0,1),('70070039',7,'6903148093580','潘婷垂顺直发洗发露',1080,'400ml','瓶',0.00,30,0,1),('70070040',7,'6903148093764','潘婷弹性卷发洗发露',1080,'200ml','瓶',0.00,30,0,1),('70070041',7,'6903148091463','潘婷丝质顺滑洗发露',1080,'200ml','瓶',0.00,30,0,1),('70070042',7,'6903148104736','海飞丝男士强根护发洗发露',1080,'400ml','瓶',0.00,30,0,1),('70070043',7,'6903148044964','海飞清爽去油洗发露',1080,'400ml','瓶',0.00,30,0,1),('70070044',7,'6903148121627','海飞丝止痒呵护洗发露',1080,'400ml','瓶',0.00,30,0,1),('70070045',7,'6903148045190','海飞丝水润滋养洗发露',1080,'400ml','瓶',0.00,30,0,1),('70070046',7,'6903148045039','海飞丝清爽去油洗发露',1080,'750ml','瓶',0.00,30,0,1),('70070047',7,'6903148044957','海飞丝丝质柔滑洗发露',1080,'750ml','瓶',0.00,30,0,1),('70070048',7,'6903148044995','海飞丝怡神冰凉洗发露',1080,'750ml','瓶',0.00,30,0,1),('70070049',7,'6903148104743','海飞丝强根护发洗发露',1080,'200ml','瓶',0.00,30,0,1),('70070050',7,'6903148045053','海飞丝清爽去油洗发露',1080,'200ml','瓶',0.00,30,0,1),('70070051',7,'6903148044971','海飞丝丝质柔滑洗发露',1080,'200ml','瓶',0.00,30,0,1),('80080001',8,'6900068804463','吉列威锋3三层刀架',NULL,'1刀架（含1刀头）','支',0.00,50,0,1),('80080002',8,'6900068802711','吉列威锋旋转双层刀片',NULL,'3刀头','支',0.00,50,0,1),('80080003',8,'6927111300000','恒固502瞬间强力胶',500,'3g','支',0.00,50,0,1),('80080004',8,'6947789100016','彩尔洗洁巾',NULL,'30cm*30cm','支',0.00,28,0,1),('80080005',8,'6935785300059','声祥不沾油洗碗布',NULL,'30*30*10层厚','支',0.00,13,0,1),('80080006',8,'6920174736939','立白金桔洗洁精',1080,'1.29kg','壶',0.00,13,0,1),('80080007',8,'6900068802414','吉列威锋旋转双层刀架3刀头',NULL,'1刀架（含3刀头）','支',0.00,13,0,1),('80080008',8,'6907469114665','枪手蓝枪清香型杀虫气雾剂600ml',1080,'600ml','瓶',0.00,13,0,1),('80080009',8,'6907469010158','枪手小骑士清香型杀虫气雾剂600ml',1080,'600ml','瓶',0.00,13,0,1),('80080010',8,'6907469009275','枪手无味杀虫气雾剂600ml',1080,'600ml','瓶',0.00,13,0,1),('80080011',8,'6907469324255','枪手无导线电热蚊香液体蚊香器套装',1080,'1+2','盒',0.00,13,0,1),('80080012',8,'6907469422166','枪手电蚊香片加热器',1080,'1z','盒',0.00,13,0,1),('80080013',8,'6907469011537','枪手电热蚊香液清香型',1080,'45ml','盒',0.00,10,0,1),('80080014',8,'6907469149124','枪手电热蚊香液无香型',720,'45ml','盒',0.00,12,0,1),('80080015',8,'6907469011513','枪手电热蚊香液薰衣草型',720,'45ml','盒',0.00,12,0,1),('80080016',8,'6907469011490','枪手电热蚊香片绿茶香30p',720,'30p','盒',0.00,12,0,1),('80080017',8,'6907469118441','枪手电热蚊香片清香型30p',720,'30p','盒',0.00,12,0,1),('80080018',8,'6907469010110','枪手电热蚊香片薰衣草香型30p',720,'30p','盒',0.00,12,0,1),('80080019',8,'6901586103618','雷达柑橘香型杀虫气雾剂',1080,'600ml','瓶',0.00,14,0,1),('80080020',8,'6901586105414','雷达无香型杀虫气雾剂',1080,'600ml','瓶',0.00,14,0,1),('80080021',8,'6901586105056','雷达清香型杀虫气雾剂',1080,'600ml','瓶',0.00,14,0,1),('80080022',8,'6901586105452','雷达无香型器家液超值装',720,'1+1','盒',0.00,14,0,1),('80080023',8,'6901586102468','雷达无香型电热蚊香片30p',720,'30p','盒',0.00,14,0,1),('80080024',8,'6901586102475','雷达清香型电热蚊香片30p',720,'30p','盒',0.00,16,0,1),('80080025',8,'6901586105445','雷达无香型电热蚊香液',720,'21ml','盒',0.00,16,0,1),('80080026',8,'6924932603761','正点无味杀虫气雾剂750ml',1080,'750ml','瓶',0.00,16,0,1),('80080027',8,'6932237730440','吉尔佳浪漫玫瑰空气清新剂',1080,'320ml','瓶',0.00,16,0,1),('80080028',8,'6932237730419','吉尔佳清新柠檬空气清新剂',1080,'320ml','瓶',0.00,16,0,1),('80080029',8,'6911348430685','爱家金秋丹桂清新剂',1080,'70g','盒',0.00,16,0,1),('80080030',8,'6911348430678','爱家雨后茉莉清新剂',1080,'70g','盒',0.00,18,0,1),('80080031',8,'6911348430661','爱家香柠清新剂',1080,'70g','盒',0.00,18,0,1),('80080032',8,'6902312188879','榄菊蚊香强力型大盘装',360,'155g','盒',0.00,18,0,1),('80080033',8,'6902312187889','榄菊蚊香无烟大盘装',360,'175g','盒',0.00,18,0,1),('80080034',8,'6902312131189','榄菊蚊香超长特大盘装',360,'175g','盒',0.00,32,0,1),('80080035',8,'6924932621123','正点强效速杀香',360,'12g*5','盒',0.00,15,0,1),('80080036',8,'6924932628887','正点速杀型桂花香蚊香',360,'33g*5s','盒',0.00,15,0,1),('80080037',8,'6924932618895','正点特大盘蚊香',360,'33g*5s','盒',0.00,15,0,1),('80080038',8,'6924932603181','正点无烟蚊香',360,'38g*5s','盒',0.00,15,0,1),('80080039',8,'6901294177420','六神喷雾花露水180ml',360,'180ml','瓶',0.00,15,0,1),('80080040',8,'6901294177017','六神去痱止痒花露水195ml',360,'195ml','瓶',0.00,20,0,1),('80080041',8,'6901294179158','六神驱蚊花露水195ml',360,'195ml','瓶',0.00,20,0,1),('80080042',8,'6901294179165','六神驱蚊花露水95ml',360,'95ml','瓶',0.00,20,0,1),('80080043',8,'6901294177024','六神去痱止痒花露水95ml',360,'95ml','瓶',0.00,20,0,1),('80080044',8,'6920174760644','超威茉莉花香杀虫气雾剂',360,'600ml','瓶',0.00,20,0,1),('80080045',8,'6920174760231','超威植物清新快速杀虫气雾剂',360,'600ml','瓶',0.00,20,0,1),('80080046',8,'6920174760590','超威植物清香电热蚊香液',720,'40ml','瓶',0.00,20,0,1),('80080047',8,'6920174761375','超威无香电热蚊香液',720,'40ml','瓶',0.00,20,0,1),('80080048',8,'6920174760194','超威植物电热蚊香片30p',720,'30p','盒',0.00,20,0,1),('80080049',8,'6920174761405','超威无香电热蚊香片30p',720,'30p','盒',0.00,20,0,1),('80080050',8,'6920174762280','超威电热蚊香液加热器套装',NULL,'1t','套',0.00,10,0,1),('80080051',8,'6920174762273','超威电热蚊香片加热器套装直插式',NULL,'1t','套',0.00,10,0,1);
/*!40000 ALTER TABLE `commodity` ENABLE KEYS */;
UNLOCK TABLES;

--
-- Table structure for table `employee`
--

DROP TABLE IF EXISTS `employee`;
/*!40101 SET @saved_cs_client     = @@character_set_client */;
/*!40101 SET character_set_client = utf8 */;
CREATE TABLE `employee` (
  `employee_id` int(11) NOT NULL AUTO_INCREMENT,
  `name` varchar(45) NOT NULL,
  `birth_date` date NOT NULL,
  `sex_status` tinyint(1) NOT NULL,
  `phone` varchar(20) DEFAULT '',
  `position_status` int(11) NOT NULL,
  `entry_date` date NOT NULL,
  `username` varchar(45) NOT NULL,
  `password` varchar(45) NOT NULL,
  `valid` tinyint(1) NOT NULL DEFAULT '1',
  PRIMARY KEY (`employee_id`),
  UNIQUE KEY `employee_id_UNIQUE` (`employee_id`)
) ENGINE=InnoDB AUTO_INCREMENT=10 DEFAULT CHARSET=utf8;
/*!40101 SET character_set_client = @saved_cs_client */;

--
-- Dumping data for table `employee`
--

LOCK TABLES `employee` WRITE;
/*!40000 ALTER TABLE `employee` DISABLE KEYS */;
INSERT INTO `employee` VALUES (0,'管理员','2000-01-01',0,'10086',0,'2000-01-01','Admin','Admin',1),(1,'李有志','1996-06-20',0,'18607388279',0,'2014-01-01','admin','admin',1),(2,'郝旭','1995-01-01',0,'18920011281',1,'2014-01-01','abc','abc',1),(3,'蓝其','1996-01-01',0,'12345678910',4,'2014-01-01','123','123',1),(4,'黄浩兴','1996-02-01',0,'10987654321',3,'2014-01-01','456','456',1),(5,'冯宇博','1996-03-03',0,'13135385170',3,'2014-01-01','789','789',1),(6,'李俊橦','1996-04-04',1,'15111476251',3,'2014-01-01','abc','abc',1),(7,'邓从斌','1996-01-01',0,'12312312321',1,'2000-01-01','def','def',1),(8,'刘语娉','1996-03-01',1,'15111476251',0,'2016-12-07','bigadmin','bigadmin',1);
/*!40000 ALTER TABLE `employee` ENABLE KEYS */;
UNLOCK TABLES;

--
-- Table structure for table `inventory`
--

DROP TABLE IF EXISTS `inventory`;
/*!40101 SET @saved_cs_client     = @@character_set_client */;
/*!40101 SET character_set_client = utf8 */;
CREATE TABLE `inventory` (
  `inventory_id` int(11) NOT NULL AUTO_INCREMENT,
  `classification_id` int(11) NOT NULL,
  `employee_id` int(11) NOT NULL DEFAULT '0',
  `create_timestamp` timestamp NOT NULL DEFAULT CURRENT_TIMESTAMP,
  `fill_timestamp` timestamp NULL DEFAULT NULL,
  PRIMARY KEY (`inventory_id`,`employee_id`),
  KEY `fk_inventory_employee1_idx` (`employee_id`),
  KEY `fk_classification_id` (`classification_id`),
  CONSTRAINT `fk_classification_id` FOREIGN KEY (`classification_id`) REFERENCES `classification` (`classification_id`) ON UPDATE CASCADE,
  CONSTRAINT `fk_i_e_id` FOREIGN KEY (`employee_id`) REFERENCES `employee` (`employee_id`) ON UPDATE CASCADE
) ENGINE=InnoDB AUTO_INCREMENT=8 DEFAULT CHARSET=utf8;
/*!40101 SET character_set_client = @saved_cs_client */;

--
-- Dumping data for table `inventory`
--

LOCK TABLES `inventory` WRITE;
/*!40000 ALTER TABLE `inventory` DISABLE KEYS */;
INSERT INTO `inventory` VALUES (1,1,0,'2016-12-13 08:40:48','2016-12-13 02:08:43'),(2,2,0,'2016-12-13 08:41:35','2016-12-13 02:16:28'),(3,3,0,'2016-12-13 15:08:46','2016-12-13 02:47:26'),(4,4,0,'2016-12-13 15:09:03','2016-12-13 02:49:26'),(6,5,0,'2016-12-13 15:09:57',NULL),(7,6,0,'2016-12-13 15:11:42',NULL);
/*!40000 ALTER TABLE `inventory` ENABLE KEYS */;
UNLOCK TABLES;

--
-- Table structure for table `inventory_detail`
--

DROP TABLE IF EXISTS `inventory_detail`;
/*!40101 SET @saved_cs_client     = @@character_set_client */;
/*!40101 SET character_set_client = utf8 */;
CREATE TABLE `inventory_detail` (
  `inventory_detail_id` int(11) NOT NULL AUTO_INCREMENT,
  `inventory_id` int(11) NOT NULL,
  `commodity_id` char(16) NOT NULL,
  `quantity` int(11) DEFAULT NULL,
  `should_have_quantity` int(11) NOT NULL,
  PRIMARY KEY (`inventory_detail_id`,`commodity_id`,`inventory_id`),
  KEY `fk_inventory_detail_commodity1_idx` (`commodity_id`),
  KEY `fk_inventory_detail_inventory1_idx` (`inventory_id`),
  CONSTRAINT `fk_i_c_id` FOREIGN KEY (`commodity_id`) REFERENCES `commodity` (`commodity_id`) ON UPDATE CASCADE,
  CONSTRAINT `fk_i_i_id` FOREIGN KEY (`inventory_id`) REFERENCES `inventory` (`inventory_id`) ON DELETE CASCADE ON UPDATE CASCADE
) ENGINE=InnoDB AUTO_INCREMENT=3 DEFAULT CHARSET=utf8;
/*!40101 SET character_set_client = @saved_cs_client */;

--
-- Dumping data for table `inventory_detail`
--

LOCK TABLES `inventory_detail` WRITE;
/*!40000 ALTER TABLE `inventory_detail` DISABLE KEYS */;
/*!40000 ALTER TABLE `inventory_detail` ENABLE KEYS */;
UNLOCK TABLES;

--
-- Temporary view structure for view `last_mont_commodity_sales_time`
--

DROP TABLE IF EXISTS `last_mont_commodity_sales_time`;
/*!50001 DROP VIEW IF EXISTS `last_mont_commodity_sales_time`*/;
SET @saved_cs_client     = @@character_set_client;
SET character_set_client = utf8;
/*!50001 CREATE VIEW `last_mont_commodity_sales_time` AS SELECT 
 1 AS `commodity_id`,
 1 AS `sales_days`*/;
SET character_set_client = @saved_cs_client;

--
-- Temporary view structure for view `last_month_commodity_sales_avg`
--

DROP TABLE IF EXISTS `last_month_commodity_sales_avg`;
/*!50001 DROP VIEW IF EXISTS `last_month_commodity_sales_avg`*/;
SET @saved_cs_client     = @@character_set_client;
SET character_set_client = utf8;
/*!50001 CREATE VIEW `last_month_commodity_sales_avg` AS SELECT 
 1 AS `commodity_id`,
 1 AS `sales_avg`*/;
SET character_set_client = @saved_cs_client;

--
-- Temporary view structure for view `last_month_supply_detail`
--

DROP TABLE IF EXISTS `last_month_supply_detail`;
/*!50001 DROP VIEW IF EXISTS `last_month_supply_detail`*/;
SET @saved_cs_client     = @@character_set_client;
SET character_set_client = utf8;
/*!50001 CREATE VIEW `last_month_supply_detail` AS SELECT 
 1 AS `sales_record_id`,
 1 AS `timestamp`,
 1 AS `commodity_id`,
 1 AS `quantity`*/;
SET character_set_client = @saved_cs_client;

--
-- Temporary view structure for view `min_commodity_storage`
--

DROP TABLE IF EXISTS `min_commodity_storage`;
/*!50001 DROP VIEW IF EXISTS `min_commodity_storage`*/;
SET @saved_cs_client     = @@character_set_client;
SET character_set_client = utf8;
/*!50001 CREATE VIEW `min_commodity_storage` AS SELECT 
 1 AS `commodity_id`,
 1 AS `min_commodity_storage`*/;
SET character_set_client = @saved_cs_client;

--
-- Temporary view structure for view `min_create_time_commodity`
--

DROP TABLE IF EXISTS `min_create_time_commodity`;
/*!50001 DROP VIEW IF EXISTS `min_create_time_commodity`*/;
SET @saved_cs_client     = @@character_set_client;
SET character_set_client = utf8;
/*!50001 CREATE VIEW `min_create_time_commodity` AS SELECT 
 1 AS `commodity_id`,
 1 AS `min_create_timestamp`*/;
SET character_set_client = @saved_cs_client;

--
-- Temporary view structure for view `min_time_cost_supply_detail`
--

DROP TABLE IF EXISTS `min_time_cost_supply_detail`;
/*!50001 DROP VIEW IF EXISTS `min_time_cost_supply_detail`*/;
SET @saved_cs_client     = @@character_set_client;
SET character_set_client = utf8;
/*!50001 CREATE VIEW `min_time_cost_supply_detail` AS SELECT 
 1 AS `supply_detail_id`,
 1 AS `supplier_id`,
 1 AS `commodity_id`,
 1 AS `price_db`,
 1 AS `delivery_time_cost`,
 1 AS `valid`*/;
SET character_set_client = @saved_cs_client;

--
-- Temporary view structure for view `needs_procurement_commodity`
--

DROP TABLE IF EXISTS `needs_procurement_commodity`;
/*!50001 DROP VIEW IF EXISTS `needs_procurement_commodity`*/;
SET @saved_cs_client     = @@character_set_client;
SET character_set_client = utf8;
/*!50001 CREATE VIEW `needs_procurement_commodity` AS SELECT 
 1 AS `commodity_id`,
 1 AS `classification_id`,
 1 AS `bar_code`,
 1 AS `name`,
 1 AS `shelf_life`,
 1 AS `specification`,
 1 AS `unit`,
 1 AS `price_db`,
 1 AS `delivery_specification`,
 1 AS `storage`,
 1 AS `valid`,
 1 AS `min_commodity_storage`*/;
SET character_set_client = @saved_cs_client;

--
-- Table structure for table `order`
--

DROP TABLE IF EXISTS `order`;
/*!40101 SET @saved_cs_client     = @@character_set_client */;
/*!40101 SET character_set_client = utf8 */;
CREATE TABLE `order` (
  `order_id` int(11) NOT NULL AUTO_INCREMENT,
  `supplier_id` int(11) NOT NULL,
  `employee_id` int(11) NOT NULL,
  `status` int(11) NOT NULL,
  `create_timestamp` timestamp NOT NULL DEFAULT CURRENT_TIMESTAMP,
  `bill_timestamp` timestamp NULL DEFAULT NULL,
  `receipt_timestamp` timestamp NULL DEFAULT NULL,
  PRIMARY KEY (`order_id`),
  KEY `fk_Supplier_has_Employee_Supplier_idx` (`supplier_id`,`employee_id`),
  KEY `fk_Order_Employee1_idx` (`employee_id`),
  CONSTRAINT `fk_o_e_id` FOREIGN KEY (`employee_id`) REFERENCES `employee` (`employee_id`) ON UPDATE CASCADE,
  CONSTRAINT `fk_o_s_id` FOREIGN KEY (`supplier_id`) REFERENCES `supplier` (`supplier_id`) ON UPDATE CASCADE
) ENGINE=InnoDB AUTO_INCREMENT=9 DEFAULT CHARSET=utf8;
/*!40101 SET character_set_client = @saved_cs_client */;

--
-- Dumping data for table `order`
--

LOCK TABLES `order` WRITE;
/*!40000 ALTER TABLE `order` DISABLE KEYS */;
INSERT INTO `order` VALUES (1,1,4,3,'2016-11-11 10:23:24',NULL,NULL),(2,3,4,3,'2016-11-03 10:22:25',NULL,NULL),(3,4,4,3,'2016-11-05 10:24:19',NULL,NULL),(4,2,4,3,'2016-12-04 16:00:00',NULL,NULL),(5,3,4,3,'2016-11-30 16:00:00',NULL,NULL),(6,5,4,3,'2016-11-30 16:00:00',NULL,NULL),(7,5,4,2,'2016-11-30 16:00:00',NULL,NULL),(8,4,4,2,'2016-11-30 16:00:00',NULL,NULL);
/*!40000 ALTER TABLE `order` ENABLE KEYS */;
UNLOCK TABLES;
/*!50003 SET @saved_cs_client      = @@character_set_client */ ;
/*!50003 SET @saved_cs_results     = @@character_set_results */ ;
/*!50003 SET @saved_col_connection = @@collation_connection */ ;
/*!50003 SET character_set_client  = utf8 */ ;
/*!50003 SET character_set_results = utf8 */ ;
/*!50003 SET collation_connection  = utf8_general_ci */ ;
/*!50003 SET @saved_sql_mode       = @@sql_mode */ ;
/*!50003 SET sql_mode              = 'ONLY_FULL_GROUP_BY,STRICT_TRANS_TABLES,NO_ZERO_IN_DATE,NO_ZERO_DATE,ERROR_FOR_DIVISION_BY_ZERO,NO_AUTO_CREATE_USER,NO_ENGINE_SUBSTITUTION' */ ;
DELIMITER ;;
/*!50003 CREATE*/ /*!50017 DEFINER=`dba`@`%`*/ /*!50003 trigger dingdan
after update on wabm.order

for each row 
begin  

if new.status=3 then
update commodity join order_detail on commodity.commodity_id = order_detail.commodity_id
set storage= storage + order_detail.actual_quantity
where order_detail.order_id = new.order_id and order_detail.commodity_id = commodity.commodity_id ;

end if;
end */;;
DELIMITER ;
/*!50003 SET sql_mode              = @saved_sql_mode */ ;
/*!50003 SET character_set_client  = @saved_cs_client */ ;
/*!50003 SET character_set_results = @saved_cs_results */ ;
/*!50003 SET collation_connection  = @saved_col_connection */ ;

--
-- Table structure for table `order_detail`
--

DROP TABLE IF EXISTS `order_detail`;
/*!40101 SET @saved_cs_client     = @@character_set_client */;
/*!40101 SET character_set_client = utf8 */;
CREATE TABLE `order_detail` (
  `order_detail_id` int(11) NOT NULL AUTO_INCREMENT,
  `order_id` int(11) NOT NULL,
  `commodity_id` char(16) NOT NULL,
  `quantity` int(11) NOT NULL,
  `price_db` decimal(8,2) NOT NULL,
  `production_date` date DEFAULT NULL COMMENT '生产日期',
  `actual_quantity` int(11) NOT NULL DEFAULT '0',
  `reject` tinyint(1) NOT NULL DEFAULT '0',
  PRIMARY KEY (`order_detail_id`),
  KEY `fk_Order_Detail_Commodity1_idx` (`commodity_id`,`order_id`),
  KEY `fk_Order_Detail_Order2_idx` (`order_id`),
  CONSTRAINT `fk_od_c_id` FOREIGN KEY (`commodity_id`) REFERENCES `commodity` (`commodity_id`) ON UPDATE CASCADE,
  CONSTRAINT `fk_od_o_id` FOREIGN KEY (`order_id`) REFERENCES `order` (`order_id`) ON DELETE CASCADE ON UPDATE CASCADE
) ENGINE=InnoDB AUTO_INCREMENT=10 DEFAULT CHARSET=utf8;
/*!40101 SET character_set_client = @saved_cs_client */;

--
-- Dumping data for table `order_detail`
--

LOCK TABLES `order_detail` WRITE;
/*!40000 ALTER TABLE `order_detail` DISABLE KEYS */;
INSERT INTO `order_detail` VALUES (2,2,'10010002',80,11.00,'2016-10-31',80,1),(3,3,'10010002',90,11.00,'2016-11-20',80,0),(4,4,'10010004',100,23.00,'2016-10-31',80,1),(5,5,'10010005',90,32.00,'2016-11-26',80,0),(6,6,'10010006',80,41.00,'2016-11-26',80,0),(7,7,'10010007',70,34.00,NULL,80,0),(8,8,'10010008',80,13.00,NULL,80,0),(9,5,'10010001',33,12.00,'2016-11-28',30,0);
/*!40000 ALTER TABLE `order_detail` ENABLE KEYS */;
UNLOCK TABLES;

--
-- Table structure for table `procurement_requirement`
--

DROP TABLE IF EXISTS `procurement_requirement`;
/*!40101 SET @saved_cs_client     = @@character_set_client */;
/*!40101 SET character_set_client = utf8 */;
CREATE TABLE `procurement_requirement` (
  `procurement_requirement_id` int(11) NOT NULL AUTO_INCREMENT,
  `commodity_id` char(16) NOT NULL,
  `employee_id` int(11) NOT NULL,
  `quantity` int(11) NOT NULL,
  `status` int(11) NOT NULL COMMENT '采购状态',
  PRIMARY KEY (`procurement_requirement_id`,`employee_id`),
  KEY `fk_employee_has_commodity_employee1_idx` (`employee_id`),
  KEY `commodity_id` (`commodity_id`),
  CONSTRAINT `procurement_requirement_ibfk_1` FOREIGN KEY (`employee_id`) REFERENCES `employee` (`employee_id`) ON UPDATE CASCADE,
  CONSTRAINT `procurement_requirement_ibfk_2` FOREIGN KEY (`commodity_id`) REFERENCES `commodity` (`commodity_id`) ON UPDATE CASCADE
) ENGINE=InnoDB AUTO_INCREMENT=21 DEFAULT CHARSET=utf8;
/*!40101 SET character_set_client = @saved_cs_client */;

--
-- Dumping data for table `procurement_requirement`
--

LOCK TABLES `procurement_requirement` WRITE;
/*!40000 ALTER TABLE `procurement_requirement` DISABLE KEYS */;
/*!40000 ALTER TABLE `procurement_requirement` ENABLE KEYS */;
UNLOCK TABLES;

--
-- Table structure for table `sales_record`
--

DROP TABLE IF EXISTS `sales_record`;
/*!40101 SET @saved_cs_client     = @@character_set_client */;
/*!40101 SET character_set_client = utf8 */;
CREATE TABLE `sales_record` (
  `sales_record_id` int(11) NOT NULL AUTO_INCREMENT,
  `employee_id` int(11) NOT NULL,
  `timestamp` timestamp NOT NULL DEFAULT CURRENT_TIMESTAMP,
  `all_price_db` decimal(8,2) NOT NULL,
  PRIMARY KEY (`sales_record_id`,`employee_id`),
  KEY `fk_Employee_has_Commodity_Employee1_idx` (`employee_id`),
  CONSTRAINT `sales_record_ibfk_1` FOREIGN KEY (`employee_id`) REFERENCES `employee` (`employee_id`) ON UPDATE CASCADE
) ENGINE=InnoDB AUTO_INCREMENT=22 DEFAULT CHARSET=utf8;
/*!40101 SET character_set_client = @saved_cs_client */;

--
-- Dumping data for table `sales_record`
--

LOCK TABLES `sales_record` WRITE;
/*!40000 ALTER TABLE `sales_record` DISABLE KEYS */;
INSERT INTO `sales_record` VALUES (1,1,'2016-11-02 16:00:00',20.00),(2,1,'2016-11-03 16:00:00',30.00),(3,1,'2016-11-05 16:00:00',10.00),(4,2,'2016-11-04 16:00:00',5.00),(5,2,'2016-11-06 16:00:00',15.00),(5,3,'2016-11-06 16:00:00',15.00),(6,3,'2016-11-07 16:00:00',15.00),(7,4,'2016-11-01 16:00:00',15.00),(8,2,'2016-10-31 16:00:00',15.00),(15,7,'2016-12-08 12:15:41',8.00),(17,7,'2016-12-08 12:19:33',736.00),(20,7,'2016-12-09 15:30:10',8.00),(21,7,'2016-12-09 16:53:55',52.00);
/*!40000 ALTER TABLE `sales_record` ENABLE KEYS */;
UNLOCK TABLES;

--
-- Table structure for table `sales_record_detail`
--

DROP TABLE IF EXISTS `sales_record_detail`;
/*!40101 SET @saved_cs_client     = @@character_set_client */;
/*!40101 SET character_set_client = utf8 */;
CREATE TABLE `sales_record_detail` (
  `sales_record_detail_id` int(11) NOT NULL AUTO_INCREMENT,
  `sales_record_id` int(11) NOT NULL,
  `commodity_id` char(16) NOT NULL DEFAULT '',
  `quantity` int(11) NOT NULL,
  `price_db` decimal(8,2) NOT NULL,
  PRIMARY KEY (`sales_record_detail_id`,`sales_record_id`,`commodity_id`),
  KEY `fk_Sales_Record_Detail_Commodity1_idx` (`commodity_id`),
  KEY `fk_Sales_Record_Detail_Sales_Record1_idx` (`commodity_id`),
  KEY `fk_sales_record_id_key_idx` (`sales_record_id`),
  CONSTRAINT `fk_sales_record_id_key` FOREIGN KEY (`sales_record_id`) REFERENCES `sales_record` (`sales_record_id`) ON DELETE CASCADE ON UPDATE CASCADE,
  CONSTRAINT `sales_record_detail_ibfk_1` FOREIGN KEY (`commodity_id`) REFERENCES `commodity` (`commodity_id`) ON UPDATE CASCADE
) ENGINE=InnoDB AUTO_INCREMENT=22 DEFAULT CHARSET=utf8;
/*!40101 SET character_set_client = @saved_cs_client */;

--
-- Dumping data for table `sales_record_detail`
--

LOCK TABLES `sales_record_detail` WRITE;
/*!40000 ALTER TABLE `sales_record_detail` DISABLE KEYS */;
INSERT INTO `sales_record_detail` VALUES (1,1,'10010001',210,5.00),(2,1,'10010002',2,5.00),(3,2,'10010004',1,3.00),(4,2,'10010005',1,7.00),(5,2,'10010003',1,10.00),(6,2,'10010007',2,5.00),(7,3,'10010009',1,4.00),(8,3,'10010001',1,6.00),(9,4,'10010006',1,5.00),(10,5,'10010003',1,10.00);
/*!40000 ALTER TABLE `sales_record_detail` ENABLE KEYS */;
UNLOCK TABLES;
/*!50003 SET @saved_cs_client      = @@character_set_client */ ;
/*!50003 SET @saved_cs_results     = @@character_set_results */ ;
/*!50003 SET @saved_col_connection = @@collation_connection */ ;
/*!50003 SET character_set_client  = utf8 */ ;
/*!50003 SET character_set_results = utf8 */ ;
/*!50003 SET collation_connection  = utf8_general_ci */ ;
/*!50003 SET @saved_sql_mode       = @@sql_mode */ ;
/*!50003 SET sql_mode              = 'ONLY_FULL_GROUP_BY,STRICT_TRANS_TABLES,NO_ZERO_IN_DATE,NO_ZERO_DATE,ERROR_FOR_DIVISION_BY_ZERO,NO_AUTO_CREATE_USER,NO_ENGINE_SUBSTITUTION' */ ;
DELIMITER ;;
/*!50003 CREATE*/ /*!50017 DEFINER=`root`@`localhost`*/ /*!50003 TRIGGER trShop
after insert on sales_record_detail
for each row 
begin  
update commodity 
set storage=commodity.storage - new.quantity 
where commodity_id = new.commodity_id;
end */;;
DELIMITER ;
/*!50003 SET sql_mode              = @saved_sql_mode */ ;
/*!50003 SET character_set_client  = @saved_cs_client */ ;
/*!50003 SET character_set_results = @saved_cs_results */ ;
/*!50003 SET collation_connection  = @saved_col_connection */ ;

--
-- Table structure for table `storage_change`
--

DROP TABLE IF EXISTS `storage_change`;
/*!40101 SET @saved_cs_client     = @@character_set_client */;
/*!40101 SET character_set_client = utf8 */;
CREATE TABLE `storage_change` (
  `storage_change_id` int(11) NOT NULL AUTO_INCREMENT,
  `commodity_id` char(16) NOT NULL DEFAULT '',
  `employee_id` int(11) NOT NULL,
  `quantity` int(11) NOT NULL,
  `price_db` decimal(8,2) NOT NULL COMMENT '单价',
  `type` tinyint(1) DEFAULT NULL COMMENT '过保／盘亏盘盈',
  `create_timestamp` timestamp NOT NULL DEFAULT CURRENT_TIMESTAMP,
  PRIMARY KEY (`storage_change_id`,`commodity_id`,`employee_id`),
  KEY `fk_warehouse_has_commodity_commodity1_idx` (`commodity_id`),
  KEY `fk_change_record_employee1_idx` (`employee_id`),
  CONSTRAINT `storage_change_ibfk_1` FOREIGN KEY (`employee_id`) REFERENCES `employee` (`employee_id`) ON UPDATE CASCADE,
  CONSTRAINT `storage_change_ibfk_2` FOREIGN KEY (`commodity_id`) REFERENCES `commodity` (`commodity_id`) ON UPDATE CASCADE
) ENGINE=InnoDB AUTO_INCREMENT=36 DEFAULT CHARSET=utf8;
/*!40101 SET character_set_client = @saved_cs_client */;

--
-- Dumping data for table `storage_change`
--

LOCK TABLES `storage_change` WRITE;
/*!40000 ALTER TABLE `storage_change` DISABLE KEYS */;
INSERT INTO `storage_change` VALUES (17,'10010020',0,12,0.00,1,'2016-12-13 16:47:33'),(20,'10010028',0,55,0.00,1,'2016-12-13 16:49:44'),(21,'10010029',0,123,0.00,1,'2016-12-13 16:49:44'),(22,'10010001',0,-4,5.00,3,'2016-12-14 06:59:41'),(23,'10010001',0,-1,5.00,3,'2016-12-14 07:00:47'),(24,'10010001',0,-1,5.00,3,'2016-12-14 07:07:41'),(25,'10010001',0,-1,5.00,3,'2016-12-14 07:13:02'),(26,'10010001',0,-1,5.00,3,'2016-12-14 07:13:25'),(27,'10010002',0,-12,6.00,3,'2016-12-14 07:20:00'),(28,'10010002',0,-12,6.00,3,'2016-12-14 07:36:42'),(29,'10010002',0,-12,6.00,3,'2016-12-14 07:37:20'),(30,'10010002',0,-12,6.00,3,'2016-12-14 07:37:45'),(31,'10010004',0,-20,12.00,3,'2016-12-14 07:38:48'),(32,'10010002',0,-1,6.00,3,'2016-12-14 07:40:32'),(33,'10010004',0,-1,12.00,3,'2016-12-14 07:43:22'),(34,'10010002',0,-1,6.00,3,'2016-12-14 07:43:41'),(35,'10010004',0,-1,12.00,3,'2016-12-14 07:43:45');
/*!40000 ALTER TABLE `storage_change` ENABLE KEYS */;
UNLOCK TABLES;
/*!50003 SET @saved_cs_client      = @@character_set_client */ ;
/*!50003 SET @saved_cs_results     = @@character_set_results */ ;
/*!50003 SET @saved_col_connection = @@collation_connection */ ;
/*!50003 SET character_set_client  = utf8 */ ;
/*!50003 SET character_set_results = utf8 */ ;
/*!50003 SET collation_connection  = utf8_general_ci */ ;
/*!50003 SET @saved_sql_mode       = @@sql_mode */ ;
/*!50003 SET sql_mode              = 'ONLY_FULL_GROUP_BY,STRICT_TRANS_TABLES,NO_ZERO_IN_DATE,NO_ZERO_DATE,ERROR_FOR_DIVISION_BY_ZERO,NO_AUTO_CREATE_USER,NO_ENGINE_SUBSTITUTION' */ ;
DELIMITER ;;
/*!50003 CREATE*/ /*!50017 DEFINER=`dba`@`%`*/ /*!50003 TRIGGER `pandian2` AFTER INSERT ON `storage_change` FOR EACH ROW begin  
update commodity 
set storage=commodity.storage + new.quantity
where commodity_id = new.commodity_id;
end */;;
DELIMITER ;
/*!50003 SET sql_mode              = @saved_sql_mode */ ;
/*!50003 SET character_set_client  = @saved_cs_client */ ;
/*!50003 SET character_set_results = @saved_cs_results */ ;
/*!50003 SET collation_connection  = @saved_col_connection */ ;

--
-- Table structure for table `supplier`
--

DROP TABLE IF EXISTS `supplier`;
/*!40101 SET @saved_cs_client     = @@character_set_client */;
/*!40101 SET character_set_client = utf8 */;
CREATE TABLE `supplier` (
  `supplier_id` int(11) NOT NULL AUTO_INCREMENT,
  `name` varchar(45) NOT NULL,
  `address` varchar(45) DEFAULT NULL,
  `phone` varchar(20) NOT NULL,
  `representative_name` varchar(45) DEFAULT NULL,
  `valid` tinyint(1) NOT NULL DEFAULT '1',
  PRIMARY KEY (`supplier_id`)
) ENGINE=InnoDB AUTO_INCREMENT=10 DEFAULT CHARSET=utf8;
/*!40101 SET character_set_client = @saved_cs_client */;

--
-- Dumping data for table `supplier`
--

LOCK TABLES `supplier` WRITE;
/*!40000 ALTER TABLE `supplier` DISABLE KEYS */;
INSERT INTO `supplier` VALUES (1,'张三酒水经销','长沙岳麓区','13800000001','张三',1),(2,'李四饮料经销','长沙芙蓉区','13800000002','李四',1),(3,'王五卷烟大腕','长沙雨花区','13800000003','王五',1),(4,'马六粮油大王','长沙开福区','13800000004','马六',1),(5,'龙二副食生产','长沙望城区','13800000005','龙二',1),(6,'天一冷冻专营','长沙天心区','13800000006','天一',1),(7,'养护洗化经销','株洲市','13800000007','小新',1),(8,'顺手生活经销','湘潭市','13800000008','阁瑞斯',1),(9,'总大经销','北京市','13800000000','田娃',1);
/*!40000 ALTER TABLE `supplier` ENABLE KEYS */;
UNLOCK TABLES;

--
-- Table structure for table `supply_detail`
--

DROP TABLE IF EXISTS `supply_detail`;
/*!40101 SET @saved_cs_client     = @@character_set_client */;
/*!40101 SET character_set_client = utf8 */;
CREATE TABLE `supply_detail` (
  `supply_detail_id` int(11) NOT NULL AUTO_INCREMENT,
  `supplier_id` int(11) NOT NULL,
  `commodity_id` char(16) NOT NULL,
  `price_db` decimal(8,2) NOT NULL,
  `delivery_time_cost` int(11) NOT NULL COMMENT '提前期',
  `valid` tinyint(1) NOT NULL DEFAULT '1',
  PRIMARY KEY (`supply_detail_id`,`supplier_id`),
  KEY `fk_supply_detail_supplyList1_idx` (`supplier_id`),
  KEY `commodity_id` (`commodity_id`),
  CONSTRAINT `supply_detail_ibfk_1` FOREIGN KEY (`supplier_id`) REFERENCES `supplier` (`supplier_id`) ON DELETE CASCADE ON UPDATE CASCADE,
  CONSTRAINT `supply_detail_ibfk_2` FOREIGN KEY (`commodity_id`) REFERENCES `commodity` (`commodity_id`) ON UPDATE CASCADE
) ENGINE=InnoDB AUTO_INCREMENT=813 DEFAULT CHARSET=utf8;
/*!40101 SET character_set_client = @saved_cs_client */;

--
-- Dumping data for table `supply_detail`
--

LOCK TABLES `supply_detail` WRITE;
/*!40000 ALTER TABLE `supply_detail` DISABLE KEYS */;
INSERT INTO `supply_detail` VALUES (1,1,'10010001',55.50,4,1),(2,1,'10010002',55.60,4,1),(3,1,'10010003',55.70,4,1),(4,1,'10010004',55.80,4,1),(5,1,'10010005',55.90,4,1),(6,1,'10010006',55.10,4,1),(7,1,'10010007',55.11,4,1),(8,1,'10010008',55.12,4,1),(9,1,'10010009',55.13,4,1),(10,1,'10010010',55.14,4,1),(11,1,'10010011',55.15,4,1),(12,1,'10010012',55.16,4,1),(13,1,'10010013',49.70,4,1),(14,1,'10010014',49.80,4,1),(15,1,'10010015',49.90,4,1),(16,1,'10010016',49.10,4,1),(17,1,'10010017',49.11,4,1),(18,1,'10010018',49.12,4,1),(19,1,'10010019',49.13,4,1),(20,1,'10010020',49.14,4,1),(21,1,'10010021',49.15,4,1),(22,1,'10010022',49.16,4,1),(23,1,'10010023',49.17,4,1),(24,1,'10010024',49.18,4,1),(25,1,'10010025',49.19,4,1),(26,1,'10010026',49.20,4,1),(27,1,'10010027',49.21,4,1),(28,1,'10010028',49.22,4,1),(29,1,'10010029',49.23,4,1),(30,1,'10010030',49.24,4,1),(31,1,'10010031',49.25,4,1),(32,1,'10010032',49.26,4,1),(33,1,'10010033',49.27,4,1),(34,1,'10010034',30.80,4,1),(35,1,'10010035',30.90,4,1),(36,1,'10010036',30.10,4,1),(37,1,'10010037',30.11,4,1),(38,1,'10010038',30.12,4,1),(39,1,'10010039',30.13,4,1),(40,1,'10010040',30.14,4,1),(41,1,'10010041',30.15,4,1),(42,1,'10010042',30.16,4,1),(43,1,'10010043',30.17,4,1),(44,1,'10010044',30.18,4,1),(45,1,'10010045',30.19,4,1),(46,1,'10010046',30.20,4,1),(47,1,'10010047',30.21,4,1),(48,1,'10010048',30.22,4,1),(49,1,'10010049',30.23,4,1),(50,1,'10010050',30.24,4,1),(51,2,'20020001',4.50,3,1),(52,2,'20020002',36.00,3,1),(53,2,'20020003',37.00,3,1),(54,2,'20020004',38.00,3,1),(55,2,'20020005',6.00,3,1),(56,2,'20020006',58.00,3,1),(57,2,'20020007',59.00,3,1),(58,2,'20020008',60.00,3,1),(59,2,'20020009',61.00,3,1),(60,2,'20020010',35.00,3,1),(61,2,'20020011',35.00,3,1),(62,2,'20020012',35.00,3,1),(63,2,'20020013',35.00,3,1),(64,2,'20020014',39.00,3,1),(65,2,'20020015',46.00,3,1),(66,2,'20020016',32.00,3,1),(67,2,'20020017',32.00,3,1),(68,2,'20020018',32.00,3,1),(69,2,'20020019',32.00,3,1),(70,2,'20020020',32.00,3,1),(71,2,'20020021',36.00,3,1),(72,2,'20020022',36.00,3,1),(73,2,'20020023',30.00,3,1),(74,2,'20020024',25.00,3,1),(75,2,'20020025',26.00,3,1),(76,2,'20020026',27.00,3,1),(77,2,'20020027',28.00,3,1),(78,2,'20020028',29.00,3,1),(79,2,'20020029',30.00,3,1),(80,2,'20020030',31.00,3,1),(81,2,'20020031',32.00,3,1),(82,2,'20020032',33.00,3,1),(83,2,'20020033',34.00,3,1),(84,2,'20020034',35.00,3,1),(85,2,'20020035',36.00,3,1),(86,2,'20020036',37.00,3,1),(87,2,'20020037',38.00,3,1),(88,2,'20020038',39.00,3,1),(89,2,'20020039',40.00,3,1),(90,2,'20020040',41.00,3,1),(91,2,'20020041',42.00,3,1),(92,2,'20020042',43.00,3,1),(93,2,'20020043',44.00,3,1),(94,2,'20020044',45.00,3,1),(95,2,'20020045',46.00,3,1),(96,2,'20020046',47.00,3,1),(97,2,'20020047',48.00,3,1),(98,2,'20020048',49.00,3,1),(99,2,'20020049',50.00,3,1),(100,2,'20020050',24.00,3,1),(101,2,'20020051',33.00,3,1),(102,3,'30030001',14.00,2,1),(103,3,'30030002',15.00,2,1),(104,3,'30030003',16.00,2,1),(105,3,'30030004',17.00,2,1),(106,3,'30030005',18.00,2,1),(107,3,'30030006',19.00,2,1),(108,3,'30030007',20.00,2,1),(109,3,'30030008',21.00,2,1),(110,3,'30030009',22.00,2,1),(111,3,'30030010',8.00,2,1),(112,3,'30030011',9.00,2,1),(113,3,'30030012',10.00,2,1),(114,3,'30030013',11.00,2,1),(115,3,'30030014',12.00,2,1),(116,3,'30030015',13.00,2,1),(117,3,'30030016',14.00,2,1),(118,3,'30030017',15.00,2,1),(119,3,'30030018',16.00,2,1),(120,3,'30030019',29.00,2,1),(121,3,'30030020',17.50,2,1),(122,3,'30030021',20.00,2,1),(123,3,'30030022',17.00,2,1),(124,3,'30030023',18.00,2,1),(125,3,'30030024',19.00,2,1),(126,3,'30030025',20.00,2,1),(127,3,'30030026',21.00,2,1),(128,3,'30030027',22.00,2,1),(129,3,'30030028',23.00,2,1),(130,3,'30030029',24.00,2,1),(131,3,'30030030',25.00,2,1),(132,3,'30030031',26.00,2,1),(133,3,'30030032',14.00,2,1),(134,3,'30030033',15.00,2,1),(135,3,'30030034',16.00,2,1),(136,3,'30030035',29.00,2,1),(137,3,'30030036',17.50,2,1),(138,3,'30030037',20.00,2,1),(139,3,'30030038',17.00,2,1),(140,3,'30030039',18.00,2,1),(141,3,'30030040',14.00,2,1),(142,3,'30030041',15.00,2,1),(143,3,'30030042',16.00,2,1),(144,3,'30030043',29.00,2,1),(145,3,'30030044',17.50,2,1),(146,3,'30030045',20.00,2,1),(147,3,'30030046',17.00,2,1),(148,3,'30030047',18.00,2,1),(149,3,'30030048',14.00,2,1),(150,3,'30030049',15.00,2,1),(151,3,'30030050',16.00,2,1),(152,4,'40040001',29.00,3,1),(153,4,'40040002',17.50,3,1),(154,4,'40040003',40.00,3,1),(155,4,'40040004',41.00,3,1),(156,4,'40040005',18.00,3,1),(157,4,'40040006',19.00,3,1),(158,4,'40040007',20.00,3,1),(159,4,'40040008',21.00,3,1),(160,4,'40040009',22.00,3,1),(161,4,'40040010',23.00,3,1),(162,4,'40040011',22.00,3,1),(163,4,'40040012',20.00,3,1),(164,4,'40040013',39.00,3,1),(165,4,'40040014',18.00,3,1),(166,4,'40040015',13.00,3,1),(167,4,'40040016',24.00,3,1),(168,4,'40040017',25.00,3,1),(169,4,'40040018',26.00,3,1),(170,4,'40040019',5.80,3,1),(171,4,'40040020',5.90,3,1),(172,4,'40040021',5.10,3,1),(173,4,'40040022',5.40,3,1),(174,4,'40040023',5.70,3,1),(175,4,'40040024',6.20,3,1),(176,4,'40040025',6.00,3,1),(177,4,'40040026',5.80,3,1),(178,4,'40040027',5.90,3,1),(179,4,'40040028',5.10,3,1),(180,4,'40040029',5.40,3,1),(181,4,'40040030',5.70,3,1),(182,4,'40040031',6.20,3,1),(183,4,'40040032',6.00,3,1),(184,4,'40040033',5.80,3,1),(185,4,'40040034',5.90,3,1),(186,4,'40040035',5.10,3,1),(187,4,'40040036',5.40,3,1),(188,4,'40040037',5.70,3,1),(189,4,'40040038',6.20,3,1),(190,4,'40040039',6.00,3,1),(191,4,'40040040',5.80,3,1),(192,4,'40040041',5.90,3,1),(193,4,'40040042',5.10,3,1),(194,4,'40040043',5.40,3,1),(195,4,'40040044',5.70,3,1),(196,4,'40040045',6.20,3,1),(197,4,'40040046',6.00,3,1),(198,4,'40040047',5.80,3,1),(199,4,'40040048',5.90,3,1),(200,4,'40040049',5.10,3,1),(201,4,'40040050',5.40,3,1),(202,4,'40040051',5.70,3,1),(203,5,'50050001',6.20,1,1),(204,5,'50050002',6.00,1,1),(205,5,'50050003',5.80,1,1),(206,5,'50050004',5.90,1,1),(207,5,'50050005',5.10,1,1),(208,5,'50050006',5.40,1,1),(209,5,'50050007',5.70,1,1),(210,5,'50050008',6.20,1,1),(211,5,'50050009',6.00,1,1),(212,5,'50050010',5.80,1,1),(213,5,'50050011',5.90,1,1),(214,5,'50050012',5.10,1,1),(215,5,'50050013',5.40,1,1),(216,5,'50050014',5.70,1,1),(217,5,'50050015',6.20,1,1),(218,5,'50050016',6.00,1,1),(219,5,'50050017',5.80,1,1),(220,5,'50050018',5.90,1,1),(221,5,'50050019',5.10,1,1),(222,5,'50050020',5.40,1,1),(223,5,'50050021',5.70,1,1),(224,5,'50050022',6.20,1,1),(225,5,'50050023',6.00,1,1),(226,5,'50050024',5.80,1,1),(227,5,'50050025',5.90,1,1),(228,5,'50050026',5.10,1,1),(229,5,'50050027',5.40,1,1),(230,5,'50050028',5.70,1,1),(231,5,'50050029',6.20,1,1),(232,5,'50050030',6.00,1,1),(233,5,'50050031',5.80,1,1),(234,5,'50050032',5.90,1,1),(235,5,'50050033',5.10,1,1),(236,5,'50050034',5.40,1,1),(237,5,'50050035',5.70,1,1),(238,5,'50050036',6.20,1,1),(239,5,'50050037',6.00,1,1),(240,5,'50050038',5.80,1,1),(241,5,'50050039',5.90,1,1),(242,5,'50050040',5.10,1,1),(243,5,'50050041',5.40,1,1),(244,5,'50050042',5.70,1,1),(245,5,'50050043',6.20,1,1),(246,5,'50050044',6.00,1,1),(247,5,'50050045',5.80,1,1),(248,5,'50050046',5.90,1,1),(249,5,'50050047',5.10,1,1),(250,5,'50050048',5.40,1,1),(251,5,'50050049',5.70,1,1),(252,5,'50050050',6.20,1,1),(253,5,'50050051',6.00,1,1),(305,7,'70070001',16.00,3,1),(306,7,'70070002',17.00,3,1),(307,7,'70070003',18.00,3,1),(308,7,'70070004',19.00,3,1),(309,7,'70070005',14.00,3,1),(310,7,'70070006',22.00,3,1),(311,7,'70070007',24.00,3,1),(312,7,'70070008',29.00,3,1),(313,7,'70070009',17.00,3,1),(314,7,'70070010',18.00,3,1),(315,7,'70070011',19.00,3,1),(316,7,'70070012',14.00,3,1),(317,7,'70070013',22.00,3,1),(318,7,'70070014',24.00,3,1),(319,7,'70070015',29.00,3,1),(320,7,'70070016',17.00,3,1),(321,7,'70070017',18.00,3,1),(322,7,'70070018',19.00,3,1),(323,7,'70070019',14.00,3,1),(324,7,'70070020',22.00,3,1),(325,7,'70070021',24.00,3,1),(326,7,'70070022',29.00,3,1),(327,7,'70070023',17.00,3,1),(328,7,'70070024',18.00,3,1),(329,7,'70070025',19.00,3,1),(330,7,'70070026',14.00,3,1),(331,7,'70070027',22.00,3,1),(332,7,'70070028',24.00,3,1),(333,7,'70070029',29.00,3,1),(334,7,'70070030',17.00,3,1),(335,7,'70070031',18.00,3,1),(336,7,'70070032',19.00,3,1),(337,7,'70070033',14.00,3,1),(338,7,'70070034',22.00,3,1),(339,7,'70070035',24.00,3,1),(340,7,'70070036',29.00,3,1),(341,7,'70070037',17.00,3,1),(342,7,'70070038',18.00,3,1),(343,7,'70070039',19.00,3,1),(344,7,'70070040',14.00,3,1),(345,7,'70070041',22.00,3,1),(346,7,'70070042',24.00,3,1),(347,7,'70070043',29.00,3,1),(348,7,'70070044',17.00,3,1),(349,7,'70070045',18.00,3,1),(350,7,'70070046',19.00,3,1),(351,7,'70070047',14.00,3,1),(352,7,'70070048',22.00,3,1),(353,7,'70070049',24.00,3,1),(354,7,'70070050',29.00,3,1),(355,7,'70070051',17.00,3,1),(356,8,'80080001',18.00,3,1),(357,8,'80080002',19.00,3,1),(358,8,'80080003',14.00,3,1),(359,8,'80080004',22.00,3,1),(360,8,'80080005',24.00,3,1),(361,8,'80080006',29.00,3,1),(362,8,'80080007',17.00,3,1),(363,8,'80080008',18.00,3,1),(364,8,'80080009',19.00,3,1),(365,8,'80080010',14.00,3,1),(366,8,'80080011',22.00,3,1),(367,8,'80080012',24.00,3,1),(368,8,'80080013',29.00,3,1),(369,8,'80080014',11.00,3,1),(370,8,'80080015',9.00,3,1),(371,8,'80080016',8.80,3,1),(372,8,'80080017',6.40,3,1),(373,8,'80080018',11.30,3,1),(374,8,'80080019',11.00,3,1),(375,8,'80080020',9.00,3,1),(376,8,'80080021',8.80,3,1),(377,8,'80080022',6.40,3,1),(378,8,'80080023',11.30,3,1),(379,8,'80080024',11.00,3,1),(380,8,'80080025',9.00,3,1),(381,8,'80080026',8.80,3,1),(382,8,'80080027',6.40,3,1),(383,8,'80080028',11.30,3,1),(384,8,'80080029',11.00,3,1),(385,8,'80080030',9.00,3,1),(386,8,'80080031',8.80,3,1),(387,8,'80080032',6.40,3,1),(388,8,'80080033',11.30,3,1),(389,8,'80080034',11.00,3,1),(390,8,'80080035',9.00,3,1),(391,8,'80080036',8.80,3,1),(392,8,'80080037',6.40,3,1),(393,8,'80080038',11.30,3,1),(394,8,'80080039',11.00,3,1),(395,8,'80080040',9.00,3,1),(396,8,'80080041',8.80,3,1),(397,8,'80080042',6.40,3,1),(398,8,'80080043',11.30,3,1),(399,8,'80080044',11.00,3,1),(400,8,'80080045',9.00,3,1),(401,8,'80080046',8.80,3,1),(402,8,'80080047',6.40,3,1),(403,8,'80080048',11.30,3,1),(404,8,'80080049',13.00,3,1),(405,8,'80080050',50.00,3,1),(406,8,'80080051',59.00,3,1),(407,9,'10010001',41.62,7,1),(408,9,'10010002',41.70,7,1),(409,9,'10010003',41.77,7,1),(410,9,'10010004',41.85,7,1),(411,9,'10010005',41.92,7,1),(412,9,'10010006',41.32,7,1),(413,9,'10010007',41.33,7,1),(414,9,'10010008',41.34,7,1),(415,9,'10010009',41.34,7,1),(416,9,'10010010',41.35,7,1),(417,9,'10010011',41.36,7,1),(418,9,'10010012',41.37,7,1),(419,9,'10010013',37.27,7,1),(420,9,'10010014',37.35,7,1),(421,9,'10010015',37.42,7,1),(422,9,'10010016',36.82,7,1),(423,9,'10010017',36.83,7,1),(424,9,'10010018',36.84,7,1),(425,9,'10010019',36.84,7,1),(426,9,'10010020',36.85,7,1),(427,9,'10010021',36.86,7,1),(428,9,'10010022',36.87,7,1),(429,9,'10010023',36.87,7,1),(430,9,'10010024',36.88,7,1),(431,9,'10010025',36.89,7,1),(432,9,'10010026',36.90,7,1),(433,9,'10010027',36.90,7,1),(434,9,'10010028',36.91,7,1),(435,9,'10010029',36.92,7,1),(436,9,'10010030',36.93,7,1),(437,9,'10010031',36.93,7,1),(438,9,'10010032',36.95,7,1),(439,9,'10010033',36.95,7,1),(440,9,'10010034',23.10,7,1),(441,9,'10010035',23.18,7,1),(442,9,'10010036',22.58,7,1),(443,9,'10010037',22.58,7,1),(444,9,'10010038',22.59,7,1),(445,9,'10010039',22.60,7,1),(446,9,'10010040',22.61,7,1),(447,9,'10010041',22.61,7,1),(448,9,'10010042',22.62,7,1),(449,9,'10010043',22.63,7,1),(450,9,'10010044',22.64,7,1),(451,9,'10010045',22.64,7,1),(452,9,'10010046',22.65,7,1),(453,9,'10010047',22.66,7,1),(454,9,'10010048',22.67,7,1),(455,9,'10010049',22.67,7,1),(456,9,'10010050',22.68,7,1),(457,9,'20020001',3.38,7,1),(458,9,'20020002',27.00,7,1),(459,9,'20020003',27.75,7,1),(460,9,'20020004',28.50,7,1),(461,9,'20020005',4.50,7,1),(462,9,'20020006',43.50,7,1),(463,9,'20020007',44.25,7,1),(464,9,'20020008',45.00,7,1),(465,9,'20020009',45.75,7,1),(466,9,'20020010',26.25,7,1),(467,9,'20020011',26.25,7,1),(468,9,'20020012',26.25,7,1),(469,9,'20020013',26.25,7,1),(470,9,'20020014',29.25,7,1),(471,9,'20020015',34.50,7,1),(472,9,'20020016',24.00,7,1),(473,9,'20020017',24.00,7,1),(474,9,'20020018',24.00,7,1),(475,9,'20020019',24.00,7,1),(476,9,'20020020',24.00,7,1),(477,9,'20020021',27.00,7,1),(478,9,'20020022',27.00,7,1),(479,9,'20020023',22.50,7,1),(480,9,'20020024',18.75,7,1),(481,9,'20020025',19.50,7,1),(482,9,'20020026',20.25,7,1),(483,9,'20020027',21.00,7,1),(484,9,'20020028',21.75,7,1),(485,9,'20020029',22.50,7,1),(486,9,'20020030',23.25,7,1),(487,9,'20020031',24.00,7,1),(488,9,'20020032',24.75,7,1),(489,9,'20020033',25.50,7,1),(490,9,'20020034',26.25,7,1),(491,9,'20020035',27.00,7,1),(492,9,'20020036',27.75,7,1),(493,9,'20020037',28.50,7,1),(494,9,'20020038',29.25,7,1),(495,9,'20020039',30.00,7,1),(496,9,'20020040',30.75,7,1),(497,9,'20020041',31.50,7,1),(498,9,'20020042',32.25,7,1),(499,9,'20020043',33.00,7,1),(500,9,'20020044',33.75,7,1),(501,9,'20020045',34.50,7,1),(502,9,'20020046',35.25,7,1),(503,9,'20020047',36.00,7,1),(504,9,'20020048',36.75,7,1),(505,9,'20020049',37.50,7,1),(506,9,'20020050',18.00,7,1),(507,9,'20020051',24.75,7,1),(508,9,'30030001',10.50,7,1),(509,9,'30030002',11.25,7,1),(510,9,'30030003',12.00,7,1),(511,9,'30030004',12.75,7,1),(512,9,'30030005',13.50,7,1),(513,9,'30030006',14.25,7,1),(514,9,'30030007',15.00,7,1),(515,9,'30030008',15.75,7,1),(516,9,'30030009',16.50,7,1),(517,9,'30030010',6.00,7,1),(518,9,'30030011',6.75,7,1),(519,9,'30030012',7.50,7,1),(520,9,'30030013',8.25,7,1),(521,9,'30030014',9.00,7,1),(522,9,'30030015',9.75,7,1),(523,9,'30030016',10.50,7,1),(524,9,'30030017',11.25,7,1),(525,9,'30030018',12.00,7,1),(526,9,'30030019',21.75,7,1),(527,9,'30030020',13.13,7,1),(528,9,'30030021',15.00,7,1),(529,9,'30030022',12.75,7,1),(530,9,'30030023',13.50,7,1),(531,9,'30030024',14.25,7,1),(532,9,'30030025',15.00,7,1),(533,9,'30030026',15.75,7,1),(534,9,'30030027',16.50,7,1),(535,9,'30030028',17.25,7,1),(536,9,'30030029',18.00,7,1),(537,9,'30030030',18.75,7,1),(538,9,'30030031',19.50,7,1),(539,9,'30030032',10.50,7,1),(540,9,'30030033',11.25,7,1),(541,9,'30030034',12.00,7,1),(542,9,'30030035',21.75,7,1),(543,9,'30030036',13.13,7,1),(544,9,'30030037',15.00,7,1),(545,9,'30030038',12.75,7,1),(546,9,'30030039',13.50,7,1),(547,9,'30030040',10.50,7,1),(548,9,'30030041',11.25,7,1),(549,9,'30030042',12.00,7,1),(550,9,'30030043',21.75,7,1),(551,9,'30030044',13.13,7,1),(552,9,'30030045',15.00,7,1),(553,9,'30030046',12.75,7,1),(554,9,'30030047',13.50,7,1),(555,9,'30030048',10.50,7,1),(556,9,'30030049',11.25,7,1),(557,9,'30030050',12.00,7,1),(558,9,'40040001',21.75,7,1),(559,9,'40040002',13.13,7,1),(560,9,'40040003',30.00,7,1),(561,9,'40040004',30.75,7,1),(562,9,'40040005',13.50,7,1),(563,9,'40040006',14.25,7,1),(564,9,'40040007',15.00,7,1),(565,9,'40040008',15.75,7,1),(566,9,'40040009',16.50,7,1),(567,9,'40040010',17.25,7,1),(568,9,'40040011',16.50,7,1),(569,9,'40040012',15.00,7,1),(570,9,'40040013',29.25,7,1),(571,9,'40040014',13.50,7,1),(572,9,'40040015',9.75,7,1),(573,9,'40040016',18.00,7,1),(574,9,'40040017',18.75,7,1),(575,9,'40040018',19.50,7,1),(576,9,'40040019',4.35,7,1),(577,9,'40040020',4.43,7,1),(578,9,'40040021',3.83,7,1),(579,9,'40040022',4.05,7,1),(580,9,'40040023',4.28,7,1),(581,9,'40040024',4.65,7,1),(582,9,'40040025',4.50,7,1),(583,9,'40040026',4.35,7,1),(584,9,'40040027',4.43,7,1),(585,9,'40040028',3.83,7,1),(586,9,'40040029',4.05,7,1),(587,9,'40040030',4.28,7,1),(588,9,'40040031',4.65,7,1),(589,9,'40040032',4.50,7,1),(590,9,'40040033',4.35,7,1),(591,9,'40040034',4.43,7,1),(592,9,'40040035',3.83,7,1),(593,9,'40040036',4.05,7,1),(594,9,'40040037',4.28,7,1),(595,9,'40040038',4.65,7,1),(596,9,'40040039',4.50,7,1),(597,9,'40040040',4.35,7,1),(598,9,'40040041',4.43,7,1),(599,9,'40040042',3.83,7,1),(600,9,'40040043',4.05,7,1),(601,9,'40040044',4.28,7,1),(602,9,'40040045',4.65,7,1),(603,9,'40040046',4.50,7,1),(604,9,'40040047',4.35,7,1),(605,9,'40040048',4.43,7,1),(606,9,'40040049',3.83,7,1),(607,9,'40040050',4.05,7,1),(608,9,'40040051',4.28,7,1),(609,9,'50050001',4.65,7,1),(610,9,'50050002',4.50,7,1),(611,9,'50050003',4.35,7,1),(612,9,'50050004',4.43,7,1),(613,9,'50050005',3.83,7,1),(614,9,'50050006',4.05,7,1),(615,9,'50050007',4.28,7,1),(616,9,'50050008',4.65,7,1),(617,9,'50050009',4.50,7,1),(618,9,'50050010',4.35,7,1),(619,9,'50050011',4.43,7,1),(620,9,'50050012',3.83,7,1),(621,9,'50050013',4.05,7,1),(622,9,'50050014',4.28,7,1),(623,9,'50050015',4.65,7,1),(624,9,'50050016',4.50,7,1),(625,9,'50050017',4.35,7,1),(626,9,'50050018',4.43,7,1),(627,9,'50050019',3.83,7,1),(628,9,'50050020',4.05,7,1),(629,9,'50050021',4.28,7,1),(630,9,'50050022',4.65,7,1),(631,9,'50050023',4.50,7,1),(632,9,'50050024',4.35,7,1),(633,9,'50050025',4.43,7,1),(634,9,'50050026',3.83,7,1),(635,9,'50050027',4.05,7,1),(636,9,'50050028',4.28,7,1),(637,9,'50050029',4.65,7,1),(638,9,'50050030',4.50,7,1),(639,9,'50050031',4.35,7,1),(640,9,'50050032',4.43,7,1),(641,9,'50050033',3.83,7,1),(642,9,'50050034',4.05,7,1),(643,9,'50050035',4.28,7,1),(644,9,'50050036',4.65,7,1),(645,9,'50050037',4.50,7,1),(646,9,'50050038',4.35,7,1),(647,9,'50050039',4.43,7,1),(648,9,'50050040',3.83,7,1),(649,9,'50050041',4.05,7,1),(650,9,'50050042',4.28,7,1),(651,9,'50050043',4.65,7,1),(652,9,'50050044',4.50,7,1),(653,9,'50050045',4.35,7,1),(654,9,'50050046',4.43,7,1),(655,9,'50050047',3.83,7,1),(656,9,'50050048',4.05,7,1),(657,9,'50050049',4.28,7,1),(658,9,'50050050',4.65,7,1),(659,9,'50050051',4.50,7,1),(711,9,'70070001',12.00,7,1),(712,9,'70070002',12.75,7,1),(713,9,'70070003',13.50,7,1),(714,9,'70070004',14.25,7,1),(715,9,'70070005',10.50,7,1),(716,9,'70070006',16.50,7,1),(717,9,'70070007',18.00,7,1),(718,9,'70070008',21.75,7,1),(719,9,'70070009',12.75,7,1),(720,9,'70070010',13.50,7,1),(721,9,'70070011',14.25,7,1),(722,9,'70070012',10.50,7,1),(723,9,'70070013',16.50,7,1),(724,9,'70070014',18.00,7,1),(725,9,'70070015',21.75,7,1),(726,9,'70070016',12.75,7,1),(727,9,'70070017',13.50,7,1),(728,9,'70070018',14.25,7,1),(729,9,'70070019',10.50,7,1),(730,9,'70070020',16.50,7,1),(731,9,'70070021',18.00,7,1),(732,9,'70070022',21.75,7,1),(733,9,'70070023',12.75,7,1),(734,9,'70070024',13.50,7,1),(735,9,'70070025',14.25,7,1),(736,9,'70070026',10.50,7,1),(737,9,'70070027',16.50,7,1),(738,9,'70070028',18.00,7,1),(739,9,'70070029',21.75,7,1),(740,9,'70070030',12.75,7,1),(741,9,'70070031',13.50,7,1),(742,9,'70070032',14.25,7,1),(743,9,'70070033',10.50,7,1),(744,9,'70070034',16.50,7,1),(745,9,'70070035',18.00,7,1),(746,9,'70070036',21.75,7,1),(747,9,'70070037',12.75,7,1),(748,9,'70070038',13.50,7,1),(749,9,'70070039',14.25,7,1),(750,9,'70070040',10.50,7,1),(751,9,'70070041',16.50,7,1),(752,9,'70070042',18.00,7,1),(753,9,'70070043',21.75,7,1),(754,9,'70070044',12.75,7,1),(755,9,'70070045',13.50,7,1),(756,9,'70070046',14.25,7,1),(757,9,'70070047',10.50,7,1),(758,9,'70070048',16.50,7,1),(759,9,'70070049',18.00,7,1),(760,9,'70070050',21.75,7,1),(761,9,'70070051',12.75,7,1),(762,9,'80080001',13.50,7,1),(763,9,'80080002',14.25,7,1),(764,9,'80080003',10.50,7,1),(765,9,'80080004',16.50,7,1),(766,9,'80080005',18.00,7,1),(767,9,'80080006',21.75,7,1),(768,9,'80080007',12.75,7,1),(769,9,'80080008',13.50,7,1),(770,9,'80080009',14.25,7,1),(771,9,'80080010',10.50,7,1),(772,9,'80080011',16.50,7,1),(773,9,'80080012',18.00,7,1),(774,9,'80080013',21.75,7,1),(775,9,'80080014',8.25,7,1),(776,9,'80080015',6.75,7,1),(777,9,'80080016',6.60,7,1),(778,9,'80080017',4.80,7,1),(779,9,'80080018',8.48,7,1),(780,9,'80080019',8.25,7,1),(781,9,'80080020',6.75,7,1),(782,9,'80080021',6.60,7,1),(783,9,'80080022',4.80,7,1),(784,9,'80080023',8.48,7,1),(785,9,'80080024',8.25,7,1),(786,9,'80080025',6.75,7,1),(787,9,'80080026',6.60,7,1),(788,9,'80080027',4.80,7,1),(789,9,'80080028',8.48,7,1),(790,9,'80080029',8.25,7,1),(791,9,'80080030',6.75,7,1),(792,9,'80080031',6.60,7,1),(793,9,'80080032',4.80,7,1),(794,9,'80080033',8.48,7,1),(795,9,'80080034',8.25,7,1),(796,9,'80080035',6.75,7,1),(797,9,'80080036',6.60,7,1),(798,9,'80080037',4.80,7,1),(799,9,'80080038',8.48,7,1),(800,9,'80080039',8.25,7,1),(801,9,'80080040',6.75,7,1),(802,9,'80080041',6.60,7,1),(803,9,'80080042',4.80,7,1),(804,9,'80080043',8.48,7,1),(805,9,'80080044',8.25,7,1),(806,9,'80080045',6.75,7,1),(807,9,'80080046',6.60,7,1),(808,9,'80080047',4.80,7,1),(809,9,'80080048',8.48,7,1),(810,9,'80080049',9.75,7,1),(811,9,'80080050',37.50,7,1),(812,9,'80080051',44.25,7,1);
/*!40000 ALTER TABLE `supply_detail` ENABLE KEYS */;
UNLOCK TABLES;

--
-- Dumping events for database 'wabm'
--

--
-- Dumping routines for database 'wabm'
--

--
-- Final view structure for view `last_mont_commodity_sales_time`
--

/*!50001 DROP VIEW IF EXISTS `last_mont_commodity_sales_time`*/;
/*!50001 SET @saved_cs_client          = @@character_set_client */;
/*!50001 SET @saved_cs_results         = @@character_set_results */;
/*!50001 SET @saved_col_connection     = @@collation_connection */;
/*!50001 SET character_set_client      = latin1 */;
/*!50001 SET character_set_results     = latin1 */;
/*!50001 SET collation_connection      = latin1_swedish_ci */;
/*!50001 CREATE ALGORITHM=UNDEFINED */
/*!50013 DEFINER=`dba`@`%` SQL SECURITY DEFINER */
/*!50001 VIEW `last_mont_commodity_sales_time` AS select `diff_table`.`commodity_id` AS `commodity_id`,least(`diff_table`.`date_diff`,dayofmonth(last_day(((date_format(now(),'%y-%m-%d') - interval (extract(day from now()) - 1) day) - interval 1 month)))) AS `sales_days` from (select `min_create_time_commodity`.`commodity_id` AS `commodity_id`,`min_create_time_commodity`.`min_create_timestamp` AS `min_create_timestamp`,((to_days(((date_format(now(),'%y-%m-%d') - interval extract(day from now()) day) - interval 0 month)) - to_days(`min_create_time_commodity`.`min_create_timestamp`)) + 1) AS `date_diff` from `wabm`.`min_create_time_commodity`) `diff_table` where (`diff_table`.`date_diff` > 0) */;
/*!50001 SET character_set_client      = @saved_cs_client */;
/*!50001 SET character_set_results     = @saved_cs_results */;
/*!50001 SET collation_connection      = @saved_col_connection */;

--
-- Final view structure for view `last_month_commodity_sales_avg`
--

/*!50001 DROP VIEW IF EXISTS `last_month_commodity_sales_avg`*/;
/*!50001 SET @saved_cs_client          = @@character_set_client */;
/*!50001 SET @saved_cs_results         = @@character_set_results */;
/*!50001 SET @saved_col_connection     = @@collation_connection */;
/*!50001 SET character_set_client      = latin1 */;
/*!50001 SET character_set_results     = latin1 */;
/*!50001 SET collation_connection      = latin1_swedish_ci */;
/*!50001 CREATE ALGORITHM=UNDEFINED */
/*!50013 DEFINER=`dba`@`%` SQL SECURITY DEFINER */
/*!50001 VIEW `last_month_commodity_sales_avg` AS select `lmsd`.`commodity_id` AS `commodity_id`,(sum(`lmsd`.`quantity`) / `lmcst`.`sales_days`) AS `sales_avg` from (`wabm`.`last_month_supply_detail` `lmsd` join `wabm`.`last_mont_commodity_sales_time` `lmcst`) where (`lmsd`.`commodity_id` = `lmcst`.`commodity_id`) group by `lmsd`.`commodity_id` */;
/*!50001 SET character_set_client      = @saved_cs_client */;
/*!50001 SET character_set_results     = @saved_cs_results */;
/*!50001 SET collation_connection      = @saved_col_connection */;

--
-- Final view structure for view `last_month_supply_detail`
--

/*!50001 DROP VIEW IF EXISTS `last_month_supply_detail`*/;
/*!50001 SET @saved_cs_client          = @@character_set_client */;
/*!50001 SET @saved_cs_results         = @@character_set_results */;
/*!50001 SET @saved_col_connection     = @@collation_connection */;
/*!50001 SET character_set_client      = utf8 */;
/*!50001 SET character_set_results     = utf8 */;
/*!50001 SET collation_connection      = utf8_general_ci */;
/*!50001 CREATE ALGORITHM=UNDEFINED */
/*!50013 DEFINER=`dba`@`%` SQL SECURITY DEFINER */
/*!50001 VIEW `last_month_supply_detail` AS select `sr`.`sales_record_id` AS `sales_record_id`,`sr`.`timestamp` AS `timestamp`,`srd`.`commodity_id` AS `commodity_id`,`srd`.`quantity` AS `quantity` from (`sales_record` `sr` join `sales_record_detail` `srd` on((`sr`.`sales_record_id` = `srd`.`sales_record_id`))) where (date_format(`sr`.`timestamp`,'%Y-%m') = date_format((curdate() - interval 1 month),'%Y-%m')) group by `srd`.`commodity_id`,`sr`.`sales_record_id`,`sr`.`timestamp`,`srd`.`quantity` */;
/*!50001 SET character_set_client      = @saved_cs_client */;
/*!50001 SET character_set_results     = @saved_cs_results */;
/*!50001 SET collation_connection      = @saved_col_connection */;

--
-- Final view structure for view `min_commodity_storage`
--

/*!50001 DROP VIEW IF EXISTS `min_commodity_storage`*/;
/*!50001 SET @saved_cs_client          = @@character_set_client */;
/*!50001 SET @saved_cs_results         = @@character_set_results */;
/*!50001 SET @saved_col_connection     = @@collation_connection */;
/*!50001 SET character_set_client      = utf8 */;
/*!50001 SET character_set_results     = utf8 */;
/*!50001 SET collation_connection      = utf8_general_ci */;
/*!50001 CREATE ALGORITHM=UNDEFINED */
/*!50013 DEFINER=`dba`@`%` SQL SECURITY DEFINER */
/*!50001 VIEW `min_commodity_storage` AS select `co`.`commodity_id` AS `commodity_id`,((`mtcsd`.`delivery_time_cost` + 3) * `co`.`delivery_specification`) AS `min_commodity_storage` from (`wabm`.`min_time_cost_supply_detail` `mtcsd` join `wabm`.`commodity` `co` on((`co`.`commodity_id` = `mtcsd`.`commodity_id`))) */;
/*!50001 SET character_set_client      = @saved_cs_client */;
/*!50001 SET character_set_results     = @saved_cs_results */;
/*!50001 SET collation_connection      = @saved_col_connection */;

--
-- Final view structure for view `min_create_time_commodity`
--

/*!50001 DROP VIEW IF EXISTS `min_create_time_commodity`*/;
/*!50001 SET @saved_cs_client          = @@character_set_client */;
/*!50001 SET @saved_cs_results         = @@character_set_results */;
/*!50001 SET @saved_col_connection     = @@collation_connection */;
/*!50001 SET character_set_client      = latin1 */;
/*!50001 SET character_set_results     = latin1 */;
/*!50001 SET collation_connection      = latin1_swedish_ci */;
/*!50001 CREATE ALGORITHM=UNDEFINED */
/*!50013 DEFINER=`dba`@`%` SQL SECURITY DEFINER */
/*!50001 VIEW `min_create_time_commodity` AS select `order_detail`.`commodity_id` AS `commodity_id`,min(`order`.`create_timestamp`) AS `min_create_timestamp` from (`order` join `order_detail` on((`order`.`order_id` = `order_detail`.`order_id`))) group by `order_detail`.`commodity_id` */;
/*!50001 SET character_set_client      = @saved_cs_client */;
/*!50001 SET character_set_results     = @saved_cs_results */;
/*!50001 SET collation_connection      = @saved_col_connection */;

--
-- Final view structure for view `min_time_cost_supply_detail`
--

/*!50001 DROP VIEW IF EXISTS `min_time_cost_supply_detail`*/;
/*!50001 SET @saved_cs_client          = @@character_set_client */;
/*!50001 SET @saved_cs_results         = @@character_set_results */;
/*!50001 SET @saved_col_connection     = @@collation_connection */;
/*!50001 SET character_set_client      = utf8 */;
/*!50001 SET character_set_results     = utf8 */;
/*!50001 SET collation_connection      = utf8_general_ci */;
/*!50001 CREATE ALGORITHM=UNDEFINED */
/*!50013 DEFINER=`dba`@`%` SQL SECURITY DEFINER */
/*!50001 VIEW `min_time_cost_supply_detail` AS select `sd`.`supply_detail_id` AS `supply_detail_id`,`sd`.`supplier_id` AS `supplier_id`,`sd`.`commodity_id` AS `commodity_id`,`sd`.`price_db` AS `price_db`,`sd`.`delivery_time_cost` AS `delivery_time_cost`,`sd`.`valid` AS `valid` from (((select `wabm`.`supply_detail`.`commodity_id` AS `commodity_id`,min(`wabm`.`supply_detail`.`delivery_time_cost`) AS `min_time_cost` from `wabm`.`supply_detail` group by `wabm`.`supply_detail`.`commodity_id`)) `x` join `wabm`.`supply_detail` `sd` on(((`sd`.`commodity_id` = `x`.`commodity_id`) and (`sd`.`delivery_time_cost` = `x`.`min_time_cost`)))) */;
/*!50001 SET character_set_client      = @saved_cs_client */;
/*!50001 SET character_set_results     = @saved_cs_results */;
/*!50001 SET collation_connection      = @saved_col_connection */;

--
-- Final view structure for view `needs_procurement_commodity`
--

/*!50001 DROP VIEW IF EXISTS `needs_procurement_commodity`*/;
/*!50001 SET @saved_cs_client          = @@character_set_client */;
/*!50001 SET @saved_cs_results         = @@character_set_results */;
/*!50001 SET @saved_col_connection     = @@collation_connection */;
/*!50001 SET character_set_client      = utf8 */;
/*!50001 SET character_set_results     = utf8 */;
/*!50001 SET collation_connection      = utf8_general_ci */;
/*!50001 CREATE ALGORITHM=UNDEFINED */
/*!50013 DEFINER=`dba`@`%` SQL SECURITY DEFINER */
/*!50001 VIEW `needs_procurement_commodity` AS select `co`.`commodity_id` AS `commodity_id`,`co`.`classification_id` AS `classification_id`,`co`.`bar_code` AS `bar_code`,`co`.`name` AS `name`,`co`.`shelf_life` AS `shelf_life`,`co`.`specification` AS `specification`,`co`.`unit` AS `unit`,`co`.`price_db` AS `price_db`,`co`.`delivery_specification` AS `delivery_specification`,`co`.`storage` AS `storage`,`co`.`valid` AS `valid`,`mcs`.`min_commodity_storage` AS `min_commodity_storage` from ((`wabm`.`last_month_commodity_sales_avg` `lmcsa` join `wabm`.`min_commodity_storage` `mcs` on((`mcs`.`commodity_id` = `lmcsa`.`commodity_id`))) join `wabm`.`commodity` `co` on((`mcs`.`commodity_id` = `co`.`commodity_id`))) where ((`co`.`storage` < `mcs`.`min_commodity_storage`) and (not(`co`.`commodity_id` in (select `od`.`commodity_id` from ((`wabm`.`order` `o` join `wabm`.`order_detail` `od` on((`o`.`order_id` = `od`.`order_id`))) join `wabm`.`procurement_requirement` `p` on((`p`.`commodity_id` = `od`.`commodity_id`))) where ((`o`.`status` <> 3) or (`p`.`status` = 0)))))) */;
/*!50001 SET character_set_client      = @saved_cs_client */;
/*!50001 SET character_set_results     = @saved_cs_results */;
/*!50001 SET collation_connection      = @saved_col_connection */;
/*!40103 SET TIME_ZONE=@OLD_TIME_ZONE */;

/*!40101 SET SQL_MODE=@OLD_SQL_MODE */;
/*!40014 SET FOREIGN_KEY_CHECKS=@OLD_FOREIGN_KEY_CHECKS */;
/*!40014 SET UNIQUE_CHECKS=@OLD_UNIQUE_CHECKS */;
/*!40101 SET CHARACTER_SET_CLIENT=@OLD_CHARACTER_SET_CLIENT */;
/*!40101 SET CHARACTER_SET_RESULTS=@OLD_CHARACTER_SET_RESULTS */;
/*!40101 SET COLLATION_CONNECTION=@OLD_COLLATION_CONNECTION */;
/*!40111 SET SQL_NOTES=@OLD_SQL_NOTES */;

-- Dump completed on 2016-12-14 18:17:21
